,BRAIIM_p,BRAIIM_FP,LIRIBO_p,LIRIBO_FP,TRIAVA_p,TRIAVA_FP
base case,0.7600767754318618,875,0.910934502603453,325,0.8572727272727273,314
min size +1000,0.7725321888412017,742,,,,
Remove >95th percentile box size,0.7716512702078522,791,0.9216319342530085,267,0.8622009569377991,288
Remove >95th percentile box ratio,0.7623642943305187,788,0.9094159713945172,304,0.8588351431391905,286
remove overlaps,,,,,0.8658028690421101,290
remove <5th percentile value,,,,,0.8808967772069126,255
combined filters,0.7879758093205265,596,0.9192566485100929,252,0.8896814075130766,232
