prefix,TP,FP,FN,precision,recall
BRAIIM,2215,596,2157,0.7879758093205265,0.5066331198536139
LIRIBO,2869,252,1985,0.9192566485100929,0.5910589204779563
TRIAVA,1871,232,5940,0.8896814075130766,0.23953399052618102
