{
    "summary": {
        "TP": 5854,
        "FP": 993,
        "FN": 784,
        "precision": 0.8549729808675333,
        "recall": 0.881892136185598
    },
    "per_class": {
        "0": {
            "TP": 1421,
            "FP": 242,
            "FN": 158,
            "precision": 0.8544798556825015,
            "recall": 0.8999366687777074
        },
        "1": {
            "TP": 1178,
            "FP": 105,
            "FN": 81,
            "precision": 0.9181605611847233,
            "recall": 0.9356632247815727
        },
        "2": {
            "TP": 927,
            "FP": 438,
            "FN": 251,
            "precision": 0.6791208791208792,
            "recall": 0.7869269949066214
        },
        "3": {
            "TP": 2328,
            "FP": 208,
            "FN": 294,
            "precision": 0.917981072555205,
            "recall": 0.8878718535469108
        }
    }
}