{
    "summary": {
        "TP": 5786,
        "FP": 926,
        "FN": 852,
        "precision": 0.8620381406436234,
        "recall": 0.8716480867731244
    },
    "per_class": {
        "0": {
            "TP": 1419,
            "FP": 246,
            "FN": 160,
            "precision": 0.8522522522522522,
            "recall": 0.8986700443318556
        },
        "1": {
            "TP": 1182,
            "FP": 99,
            "FN": 77,
            "precision": 0.9227166276346604,
            "recall": 0.9388403494837172
        },
        "2": {
            "TP": 905,
            "FP": 402,
            "FN": 273,
            "precision": 0.6924254016832441,
            "recall": 0.7682512733446519
        },
        "3": {
            "TP": 2280,
            "FP": 179,
            "FN": 342,
            "precision": 0.9272061813745425,
            "recall": 0.8695652173913043
        }
    }
}