{
    "summary": {
        "TP": 5274,
        "FP": 583,
        "FN": 1364,
        "precision": 0.9004609868533379,
        "recall": 0.794516420608617
    },
    "per_class": {
        "0": {
            "TP": 1269,
            "FP": 161,
            "FN": 310,
            "precision": 0.8874125874125874,
            "recall": 0.8036732108929703
        },
        "1": {
            "TP": 1115,
            "FP": 71,
            "FN": 144,
            "precision": 0.9401349072512648,
            "recall": 0.8856235107227959
        },
        "2": {
            "TP": 760,
            "FP": 203,
            "FN": 418,
            "precision": 0.7892004153686397,
            "recall": 0.6451612903225806
        },
        "3": {
            "TP": 2130,
            "FP": 148,
            "FN": 492,
            "precision": 0.9350307287093942,
            "recall": 0.8123569794050344
        }
    }
}