{
    "summary": {
        "TP": 4816,
        "FP": 451,
        "FN": 1822,
        "precision": 0.9143725080691095,
        "recall": 0.7255197348598975
    },
    "per_class": {
        "0": {
            "TP": 1219,
            "FP": 139,
            "FN": 360,
            "precision": 0.8976435935198822,
            "recall": 0.7720075997466751
        },
        "1": {
            "TP": 1116,
            "FP": 70,
            "FN": 143,
            "precision": 0.9409780775716695,
            "recall": 0.886417791898332
        },
        "2": {
            "TP": 596,
            "FP": 134,
            "FN": 582,
            "precision": 0.8164383561643835,
            "recall": 0.5059422750424448
        },
        "3": {
            "TP": 1885,
            "FP": 108,
            "FN": 737,
            "precision": 0.9458103361766181,
            "recall": 0.7189168573607932
        }
    }
}