{
    "summary": {
        "TP": 5393,
        "FP": 665,
        "FN": 1245,
        "precision": 0.8902277979531198,
        "recall": 0.8124435070804459
    },
    "per_class": {
        "0": {
            "TP": 1287,
            "FP": 183,
            "FN": 292,
            "precision": 0.8755102040816326,
            "recall": 0.8150728309056364
        },
        "1": {
            "TP": 1134,
            "FP": 75,
            "FN": 125,
            "precision": 0.9379652605459057,
            "recall": 0.9007148530579825
        },
        "2": {
            "TP": 833,
            "FP": 259,
            "FN": 345,
            "precision": 0.7628205128205128,
            "recall": 0.7071307300509337
        },
        "3": {
            "TP": 2139,
            "FP": 148,
            "FN": 483,
            "precision": 0.9352864013992129,
            "recall": 0.8157894736842105
        }
    }
}