{
    "summary": {
        "TP": 5073,
        "FP": 513,
        "FN": 1565,
        "precision": 0.9081632653061225,
        "recall": 0.7642362157276288
    },
    "per_class": {
        "0": {
            "TP": 1239,
            "FP": 155,
            "FN": 340,
            "precision": 0.8888091822094691,
            "recall": 0.7846738442051931
        },
        "1": {
            "TP": 1098,
            "FP": 66,
            "FN": 161,
            "precision": 0.9432989690721649,
            "recall": 0.8721207307386815
        },
        "2": {
            "TP": 710,
            "FP": 177,
            "FN": 468,
            "precision": 0.8004509582863585,
            "recall": 0.6027164685908319
        },
        "3": {
            "TP": 2026,
            "FP": 115,
            "FN": 596,
            "precision": 0.9462867818776273,
            "recall": 0.7726926010678871
        }
    }
}