{
    "summary": {
        "TP": 4803,
        "FP": 444,
        "FN": 657,
        "precision": 0.9153802172670097,
        "recall": 0.8796703296703297
    },
    "per_class": {
        "0": {
            "TP": 1385,
            "FP": 196,
            "FN": 194,
            "precision": 0.8760278304870335,
            "recall": 0.8771374287523749
        },
        "1": {
            "TP": 1181,
            "FP": 85,
            "FN": 78,
            "precision": 0.9328593996840442,
            "recall": 0.938046068308181
        },
        "3": {
            "TP": 2237,
            "FP": 163,
            "FN": 385,
            "precision": 0.9320833333333334,
            "recall": 0.8531655225019069
        }
    }
}