{
    "summary": {
        "TP": 5378,
        "FP": 586,
        "FN": 1260,
        "precision": 0.9017437961099933,
        "recall": 0.8101837902982826
    },
    "per_class": {
        "0": {
            "TP": 1352,
            "FP": 185,
            "FN": 227,
            "precision": 0.8796356538711776,
            "recall": 0.8562381253958201
        },
        "1": {
            "TP": 1148,
            "FP": 80,
            "FN": 111,
            "precision": 0.9348534201954397,
            "recall": 0.9118347895154885
        },
        "2": {
            "TP": 736,
            "FP": 196,
            "FN": 442,
            "precision": 0.7896995708154506,
            "recall": 0.6247877758913413
        },
        "3": {
            "TP": 2142,
            "FP": 125,
            "FN": 480,
            "precision": 0.9448610498456109,
            "recall": 0.816933638443936
        }
    }
}