{
    "summary": {
        "TP": 5099,
        "FP": 485,
        "FN": 1539,
        "precision": 0.9131446991404012,
        "recall": 0.7681530581500452
    },
    "per_class": {
        "0": {
            "TP": 1333,
            "FP": 164,
            "FN": 246,
            "precision": 0.8904475617902472,
            "recall": 0.844205193160228
        },
        "1": {
            "TP": 1153,
            "FP": 71,
            "FN": 106,
            "precision": 0.9419934640522876,
            "recall": 0.9158061953931692
        },
        "2": {
            "TP": 609,
            "FP": 136,
            "FN": 569,
            "precision": 0.8174496644295302,
            "recall": 0.5169779286926995
        },
        "3": {
            "TP": 2004,
            "FP": 114,
            "FN": 618,
            "precision": 0.9461756373937678,
            "recall": 0.7643020594965675
        }
    }
}