{
    "summary": {
        "TP": 5788,
        "FP": 839,
        "FN": 850,
        "precision": 0.8733967104270409,
        "recall": 0.8719493823440796
    },
    "per_class": {
        "0": {
            "TP": 1404,
            "FP": 220,
            "FN": 175,
            "precision": 0.8645320197044335,
            "recall": 0.8891703609879671
        },
        "1": {
            "TP": 1175,
            "FP": 94,
            "FN": 84,
            "precision": 0.9259259259259259,
            "recall": 0.9332803812549643
        },
        "2": {
            "TP": 897,
            "FP": 341,
            "FN": 281,
            "precision": 0.7245557350565428,
            "recall": 0.7614601018675722
        },
        "3": {
            "TP": 2312,
            "FP": 184,
            "FN": 310,
            "precision": 0.9262820512820513,
            "recall": 0.881769641495042
        }
    }
}