species,base_name,tile_id,class_id,conf,xyxy,yolo
BRAIIM,BRAIIM_0003.jpg,None,0,0.288,[599.4461669921875,1687.9798583984375,749.2051391601562,1797.67431640625],[1.0536,2.7232,0.2340,0.1714]
BRAIIM,BRAIIM_0016.jpg,None,0,0.294,[1550.9185791015625,2264.624755859375,1669.63818359375,2362.0],[2.5161,3.6146,0.1855,0.1521]
BRAIIM,BRAIIM_0022.jpg,None,0,0.291,[4200.9443359375,0.0,4399.40283203125,137.79664611816406],[6.7190,0.1077,0.3101,0.2153]
BRAIIM,BRAIIM_0022.jpg,None,0,0.291,[3293.121337890625,834.8002319335938,3403.994140625,923.9803466796875],[5.2321,1.3740,0.1732,0.1393]
BRAIIM,BRAIIM_0022.jpg,None,0,0.288,[3342.286865234375,0.0,3480.790283203125,143.85305786132812],[5.3305,0.1124,0.2164,0.2248]
BRAIIM,BRAIIM_0022.jpg,None,0,0.237,[1943.73046875,1122.11083984375,2134.531982421875,1281.4404296875],[3.1861,1.8778,0.2981,0.2490]
BRAIIM,BRAIIM_0022.jpg,None,0,0.235,[1891.5504150390625,226.77713012695312,2080.118408203125,394.9999084472656],[3.1029,0.4858,0.2946,0.2628]
BRAIIM,BRAIIM_0022.jpg,None,0,0.229,[4411.69384765625,1128.7178955078125,4611.10400390625,1330.0145263671875],[7.0491,1.9209,0.3116,0.3145]
BRAIIM,BRAIIM_0022.jpg,None,0,0.227,[3698.1455078125,424.1058044433594,3853.93408203125,565.6454467773438],[5.9001,0.7732,0.2434,0.2212]
BRAIIM,BRAIIM_0022.jpg,None,0,0.214,[2632.4970703125,167.73092651367188,2785.31298828125,354.9190979003906],[4.2327,0.4083,0.2388,0.2925]
BRAIIM,BRAIIM_0022.jpg,None,0,0.202,[4024.839111328125,1382.3338623046875,4194.78369140625,1541.58740234375],[6.4216,2.2843,0.2655,0.2488]
BRAIIM,BRAIIM_0029.jpg,None,0,0.285,[4126.015625,1741.613525390625,4225.40087890625,1883.97607421875],[6.5245,2.8325,0.1553,0.2224]
BRAIIM,BRAIIM_0029.jpg,None,0,0.284,[3361.4775390625,1234.3548583984375,3546.02685546875,1379.884521484375],[5.3965,2.0424,0.2884,0.2274]
BRAIIM,BRAIIM_0029.jpg,None,0,0.281,[1576.708251953125,871.07666015625,1766.2318115234375,1015.4314575195312],[2.6117,1.4738,0.2961,0.2256]
BRAIIM,BRAIIM_0029.jpg,None,0,0.280,[727.145751953125,0.0,959.2974853515625,188.79248046875],[1.3175,0.1475,0.3627,0.2950]
BRAIIM,BRAIIM_0029.jpg,None,0,0.278,[2121.2646484375,1479.0982666015625,2276.897705078125,1594.87646484375],[3.4361,2.4015,0.2432,0.1809]
BRAIIM,BRAIIM_0029.jpg,None,0,0.260,[1722.5364990234375,1444.60693359375,1998.3563232421875,1675.12255859375],[2.9069,2.4373,0.4310,0.3602]
BRAIIM,BRAIIM_0029.jpg,None,0,0.235,[1266.1224365234375,1956.9769287109375,1565.5672607421875,2157.959228515625],[2.2123,3.2148,0.4679,0.3140]
BRAIIM,BRAIIM_0029.jpg,None,0,0.233,[1647.580322265625,190.63623046875,1898.989013671875,416.9733581542969],[2.7708,0.4747,0.3928,0.3537]
BRAIIM,BRAIIM_0029.jpg,None,0,0.230,[482.0248107910156,950.8722534179688,631.4563598632812,1100.989501953125],[0.8699,1.6030,0.2335,0.2346]
BRAIIM,BRAIIM_0029.jpg,None,0,0.225,[1945.0826416015625,1855.4326171875,2150.499267578125,1993.3719482421875],[3.1997,3.0069,0.3210,0.2155]
BRAIIM,BRAIIM_0029.jpg,None,0,0.217,[0.00036801022361032665,2284.951171875,42.43001174926758,2443.537109375],[0.0331,3.6941,0.0663,0.2478]
BRAIIM,BRAIIM_0031.jpg,None,0,0.288,[2664.501220703125,160.85377502441406,2823.765869140625,278.9456481933594],[4.2877,0.3436,0.2489,0.1845]
BRAIIM,BRAIIM_0031.jpg,None,0,0.284,[2235.42529296875,1865.314697265625,2428.607177734375,2037.849609375],[3.6438,3.0493,0.3018,0.2696]
BRAIIM,BRAIIM_0031.jpg,None,0,0.268,[1976.9351806640625,160.03839111328125,2162.671630859375,314.9729919433594],[3.2341,0.3711,0.2902,0.2421]
BRAIIM,BRAIIM_0031.jpg,None,0,0.257,[942.4384765625,37.16667556762695,1094.949462890625,207.06471252441406],[1.5917,0.1908,0.2383,0.2655]
BRAIIM,BRAIIM_0031.jpg,None,0,0.203,[2512.2978515625,643.5608520507812,2643.402587890625,747.4242553710938],[4.0279,1.0867,0.2049,0.1623]
BRAIIM,BRAIIM_0042.jpg,None,0,0.297,[2730.940185546875,1191.584228515625,2828.372314453125,1317.7860107421875],[4.3432,1.9604,0.1522,0.1972]
BRAIIM,BRAIIM_0042.jpg,None,0,0.293,[5475.51416015625,1409.8424072265625,5621.5927734375,1598.84326171875],[8.6696,2.3505,0.2282,0.2953]
BRAIIM,BRAIIM_0042.jpg,None,0,0.272,[1110.946044921875,136.3831024169922,1211.007080078125,295.5926818847656],[1.8140,0.3375,0.1563,0.2488]
BRAIIM,BRAIIM_0042.jpg,None,0,0.262,[4605.59423828125,0.0,4788.99658203125,115.22859191894531],[7.3395,0.0900,0.2866,0.1800]
BRAIIM,BRAIIM_0042.jpg,None,0,0.258,[4777.73046875,2188.727294921875,5009.25732421875,2363.13427734375],[7.6461,3.5561,0.3618,0.2725]
BRAIIM,BRAIIM_0042.jpg,None,0,0.246,[3759.745849609375,1971.0931396484375,3968.725830078125,2160.263427734375],[6.0379,3.2276,0.3265,0.2956]
BRAIIM,BRAIIM_0042.jpg,None,0,0.240,[3868.854248046875,1515.7833251953125,4053.459716796875,1695.8394775390625],[6.1893,2.5091,0.2884,0.2813]
BRAIIM,BRAIIM_0042.jpg,None,0,0.212,[1701.400146484375,1935.90478515625,1957.1007080078125,2169.953125],[2.8582,3.2077,0.3995,0.3657]
BRAIIM,BRAIIM_0042.jpg,None,0,0.207,[4674.7568359375,1205.4813232421875,4925.3037109375,1418.075439453125],[7.5000,2.0497,0.3915,0.3322]
BRAIIM,BRAIIM_0042.jpg,None,0,0.202,[3052.82275390625,1336.0191650390625,3154.44873046875,1432.4232177734375],[4.8494,2.1628,0.1588,0.1506]
BRAIIM,BRAIIM_0151.jpg,None,0,0.282,[956.4943237304688,333.7919006347656,1125.0244140625,474.72808837890625],[1.6262,0.6317,0.2633,0.2202]
BRAIIM,BRAIIM_0151.jpg,None,0,0.260,[664.8058471679688,1.429584264755249,840.5626831054688,149.37806701660156],[1.1761,0.1178,0.2746,0.2312]
BRAIIM,BRAIIM_0151.jpg,None,0,0.253,[1830.005126953125,288.386962890625,1967.812255859375,488.4415588378906],[2.9670,0.6069,0.2153,0.3126]
BRAIIM,BRAIIM_0151.jpg,None,0,0.249,[1237.253662109375,1137.8841552734375,1433.9918212890625,1298.9669189453125],[2.0869,1.9038,0.3074,0.2517]
BRAIIM,BRAIIM_0151.jpg,None,0,0.231,[4198.5625,1685.6551513671875,4340.6865234375,1872.0252685546875],[6.6713,2.7794,0.2221,0.2912]
BRAIIM,BRAIIM_0151.jpg,None,0,0.225,[1722.195556640625,675.6486206054688,1894.675537109375,851.1722412109375],[2.8257,1.1928,0.2695,0.2743]
BRAIIM,BRAIIM_0152.jpg,None,0,0.286,[3072.1005859375,289.6114501953125,3280.48974609375,467.5111389160156],[4.9630,0.5915,0.3256,0.2780]
BRAIIM,BRAIIM_0152.jpg,None,0,0.276,[3500.61962890625,2138.968017578125,3684.816162109375,2346.66455078125],[5.6136,3.5044,0.2878,0.3245]
BRAIIM,BRAIIM_0152.jpg,None,0,0.239,[3301.39208984375,217.9257049560547,3438.358642578125,343.7908935546875],[5.2654,0.4388,0.2140,0.1967]
BRAIIM,BRAIIM_0152.jpg,None,0,0.228,[1785.0606689453125,74.14852905273438,1949.2384033203125,252.45188903808594],[2.9174,0.2552,0.2565,0.2786]
BRAIIM,BRAIIM_0166.jpg,None,0,0.263,[1110.126708984375,1300.4287109375,1222.0443115234375,1364.79541015625],[1.8220,2.0822,0.1749,0.1006]
BRAIIM,BRAIIM_0166.jpg,None,0,0.248,[3879.732666015625,438.4153747558594,4053.350830078125,624.9108276367188],[6.1977,0.8307,0.2713,0.2914]
BRAIIM,BRAIIM_0166.jpg,None,0,0.229,[1980.384765625,2165.129150390625,2122.90478515625,2274.0],[3.2057,3.4681,0.2227,0.1701]
BRAIIM,BRAIIM_0188.jpg,None,0,0.277,[3080.4169921875,1818.9967041015625,3218.08349609375,1913.9024658203125],[4.9207,2.9163,0.2151,0.1483]
BRAIIM,BRAIIM_0188.jpg,None,0,0.276,[2355.75439453125,1977.7694091796875,2606.6162109375,2176.751708984375],[3.8769,3.2457,0.3920,0.3109]
BRAIIM,BRAIIM_0188.jpg,None,0,0.269,[5155.15478515625,886.3463134765625,5281.78369140625,1043.8143310546875],[8.1539,1.5079,0.1979,0.2460]
BRAIIM,BRAIIM_0192.jpg,None,0,0.296,[4325.953125,1545.3359375,4470.97412109375,1738.4791259765625],[6.8726,2.5655,0.2266,0.3018]
BRAIIM,BRAIIM_0192.jpg,None,0,0.280,[1529.9932861328125,1671.9102783203125,1690.7506103515625,1899.1171875],[2.5162,2.7899,0.2512,0.3550]
BRAIIM,BRAIIM_0192.jpg,None,0,0.250,[44.832786560058594,1808.506591796875,224.36672973632812,1946.8675537109375],[0.2103,2.9339,0.2805,0.2162]
BRAIIM,BRAIIM_0192.jpg,None,0,0.244,[1671.53125,570.085205078125,1886.870361328125,860.6065063476562],[2.7800,1.1177,0.3365,0.4539]
BRAIIM,BRAIIM_0192.jpg,None,0,0.235,[2477.5556640625,708.4013671875,2636.49462890625,846.0267944335938],[3.9954,1.2144,0.2483,0.2150]
BRAIIM,BRAIIM_0192.jpg,None,0,0.225,[1582.341064453125,1187.3951416015625,1745.6488037109375,1355.38720703125],[2.6000,1.9865,0.2552,0.2625]
BRAIIM,BRAIIM_0196.jpg,None,0,0.291,[3274.83837890625,208.19796752929688,3385.786865234375,313.5834655761719],[5.2036,0.4076,0.1734,0.1647]
BRAIIM,BRAIIM_0196.jpg,None,0,0.275,[5549.10107421875,607.2185668945312,5659.38232421875,738.8346557617188],[8.7566,1.0516,0.1723,0.2057]
BRAIIM,BRAIIM_0196.jpg,None,0,0.274,[3453.180419921875,369.7037353515625,3652.123291015625,582.7343139648438],[5.5510,0.7441,0.3108,0.3329]
BRAIIM,BRAIIM_0213.jpg,None,0,0.291,[3448.6123046875,1084.8201904296875,3625.55126953125,1215.6414794921875],[5.5267,1.7972,0.2765,0.2044]
BRAIIM,BRAIIM_0213.jpg,None,0,0.288,[4917.35595703125,719.5867309570312,5084.80126953125,824.9258422851562],[7.8142,1.2067,0.2616,0.1646]
BRAIIM,BRAIIM_0213.jpg,None,0,0.284,[1989.892578125,609.412353515625,2158.200927734375,733.9142456054688],[3.2407,1.0495,0.2630,0.1945]
BRAIIM,BRAIIM_0213.jpg,None,0,0.283,[4062.78662109375,407.1368713378906,4230.40625,535.7159423828125],[6.4791,0.7366,0.2619,0.2009]
BRAIIM,BRAIIM_0213.jpg,None,0,0.270,[2738.009765625,51.920108795166016,2857.368408203125,227.6645965576172],[4.3714,0.2184,0.1865,0.2746]
BRAIIM,BRAIIM_0213.jpg,None,0,0.268,[2307.796875,0.0,2497.349853515625,142.29544067382812],[3.7540,0.1112,0.2962,0.2223]
BRAIIM,BRAIIM_0213.jpg,None,0,0.265,[3800.1884765625,103.87984466552734,3935.5234375,287.9286804199219],[6.0435,0.3061,0.2115,0.2876]
BRAIIM,BRAIIM_0213.jpg,None,0,0.262,[4688.87060546875,2251.783935546875,4801.5126953125,2340.0],[7.4144,3.5873,0.1760,0.1378]
BRAIIM,BRAIIM_0213.jpg,None,0,0.247,[0.8631696701049805,114.89981842041016,65.53927612304688,233.76248168945312],[0.0519,0.2724,0.1011,0.1857]
BRAIIM,BRAIIM_0213.jpg,None,0,0.219,[5373.27783203125,415.20098876953125,5594.4091796875,574.5633544921875],[8.5685,0.7733,0.3455,0.2490]
BRAIIM,BRAIIM_0217.jpg,None,0,0.295,[5602.71435546875,2126.74267578125,5720.22509765625,2283.8984375],[8.8460,3.4458,0.1836,0.2456]
BRAIIM,BRAIIM_0217.jpg,None,0,0.288,[1977.3350830078125,1083.3240966796875,2111.318603515625,1278.5394287109375],[3.1943,1.8452,0.2093,0.3050]
BRAIIM,BRAIIM_0217.jpg,None,0,0.281,[3653.74169921875,1128.94580078125,3745.021240234375,1272.0841064453125],[5.7803,1.8758,0.1426,0.2237]
BRAIIM,BRAIIM_0217.jpg,None,0,0.228,[5057.39599609375,1089.7393798828125,5185.93994140625,1189.2884521484375],[8.0026,1.7805,0.2008,0.1555]
BRAIIM,BRAIIM_0217.jpg,None,0,0.209,[5219.31201171875,1876.571533203125,5331.75390625,1999.7960205078125],[8.2430,3.0284,0.1757,0.1925]
BRAIIM,BRAIIM_0217.jpg,None,0,0.206,[3122.299560546875,1099.36279296875,3267.781982421875,1247.52978515625],[4.9923,1.8335,0.2273,0.2315]
BRAIIM,BRAIIM_0222.jpg,None,0,0.295,[1425.6455078125,822.1117553710938,1531.033935546875,923.4528198242188],[2.3099,1.3637,0.1647,0.1583]
BRAIIM,BRAIIM_0222.jpg,None,0,0.286,[4369.80126953125,1085.5755615234375,4538.921875,1223.341064453125],[6.9599,1.8038,0.2643,0.2153]
BRAIIM,BRAIIM_0222.jpg,None,0,0.278,[495.077392578125,567.9605102539062,676.4150390625,736.2892456054688],[0.9152,1.0189,0.2833,0.2630]
BRAIIM,BRAIIM_0222.jpg,None,0,0.270,[4963.2607421875,66.87865447998047,5139.03564453125,171.7478790283203],[7.8924,0.1864,0.2746,0.1639]
BRAIIM,BRAIIM_0222.jpg,None,0,0.265,[2100.456298828125,553.8271484375,2233.04833984375,640.3881225585938],[3.3856,0.9330,0.2072,0.1353]
BRAIIM,BRAIIM_0222.jpg,None,0,0.244,[1326.265869140625,1439.4671630859375,1424.525634765625,1525.5941162109375],[2.1491,2.3165,0.1535,0.1346]
BRAIIM,BRAIIM_0222.jpg,None,0,0.236,[2367.097412109375,39.23571014404297,2560.584228515625,237.5308074951172],[3.8498,0.2162,0.3023,0.3098]
BRAIIM,BRAIIM_0222.jpg,None,0,0.219,[0.0,235.5254669189453,89.76570129394531,371.2686767578125],[0.0701,0.4741,0.1403,0.2121]
BRAIIM,BRAIIM_0222.jpg,None,0,0.217,[4533.0634765625,1667.2779541015625,4702.5849609375,1760.24267578125],[7.2154,2.6778,0.2649,0.1453]
BRAIIM,BRAIIM_0222.jpg,None,0,0.217,[635.9605102539062,944.4248657226562,807.6082153320312,1064.1246337890625],[1.1278,1.5692,0.2682,0.1870]
BRAIIM,BRAIIM_0222.jpg,None,0,0.214,[2861.43408203125,361.3006591796875,2992.40673828125,473.0224609375],[4.5733,0.6518,0.2046,0.1746]
BRAIIM,BRAIIM_0222.jpg,None,0,0.214,[637.6514282226562,1093.995849609375,872.22314453125,1243.9779052734375],[1.1796,1.8265,0.3665,0.2343]
BRAIIM,BRAIIM_0222.jpg,None,0,0.213,[4478.5048828125,741.1168212890625,4649.96875,842.3858032226562],[7.1316,1.2371,0.2679,0.1582]
BRAIIM,BRAIIM_0222.jpg,None,0,0.210,[3028.715087890625,1600.5743408203125,3161.958251953125,1698.8807373046875],[4.8365,2.5777,0.2082,0.1536]
BRAIIM,BRAIIM_0226.jpg,None,0,0.231,[3381.709228515625,1634.3128662109375,3538.43896484375,1785.27783203125],[5.4064,2.6716,0.2449,0.2359]
BRAIIM,BRAIIM_0226.jpg,None,0,0.204,[1659.57177734375,1039.06884765625,1794.7840576171875,1195.1212158203125],[2.6987,1.7455,0.2113,0.2438]
BRAIIM,BRAIIM_0237.jpg,None,0,0.291,[5440.5068359375,740.1805419921875,5533.03857421875,887.4996337890625],[8.5731,1.2716,0.1446,0.2302]
BRAIIM,BRAIIM_0237.jpg,None,0,0.271,[2831.242431640625,1821.5341796875,2948.07666015625,1937.20556640625],[4.5151,2.9365,0.1826,0.1807]
BRAIIM,BRAIIM_0237.jpg,None,0,0.268,[5541.09521484375,2159.792236328125,5630.3701171875,2284.992431640625],[8.7277,3.4725,0.1395,0.1956]
BRAIIM,BRAIIM_0237.jpg,None,0,0.259,[2814.629150390625,1396.708251953125,2934.18017578125,1535.375],[4.4913,2.2907,0.1868,0.2167]
BRAIIM,BRAIIM_0237.jpg,None,0,0.248,[2959.325439453125,931.7078247070312,3077.891845703125,1106.5184326171875],[4.7166,1.5924,0.1853,0.2731]
BRAIIM,BRAIIM_0237.jpg,None,0,0.246,[1887.3695068359375,0.0,2099.35986328125,133.87466430664062],[3.1146,0.1046,0.3312,0.2092]
BRAIIM,BRAIIM_0237.jpg,None,0,0.240,[4343.83056640625,260.25408935546875,4562.76611328125,421.886962890625],[6.9583,0.5329,0.3421,0.2526]
BRAIIM,BRAIIM_0238.jpg,None,0,0.274,[3103.287841796875,14.96415901184082,3333.376953125,174.21751403808594],[5.0286,0.1478,0.3595,0.2488]
BRAIIM,BRAIIM_0238.jpg,None,0,0.271,[2315.40380859375,1951.8338623046875,2424.93505859375,2039.8692626953125],[3.7034,3.1185,0.1711,0.1376]
BRAIIM,BRAIIM_0238.jpg,None,0,0.262,[2457.31591796875,1395.0333251953125,2734.8359375,1635.4739990234375],[4.0564,2.3676,0.4336,0.3757]
BRAIIM,BRAIIM_0238.jpg,None,0,0.259,[1218.3961181640625,1744.7069091796875,1337.338134765625,1925.13720703125],[1.9967,2.8671,0.1858,0.2819]
BRAIIM,BRAIIM_0238.jpg,None,0,0.241,[2718.652587890625,202.80743408203125,2841.14697265625,326.415771484375],[4.3436,0.4135,0.1914,0.1931]
BRAIIM,BRAIIM_0238.jpg,None,0,0.208,[3494.53515625,1115.0606689453125,3686.485595703125,1277.776123046875],[5.6102,1.8694,0.2999,0.2542]
BRAIIM,BRAIIM_0238.jpg,None,0,0.207,[0.0,287.4975891113281,72.47528076171875,427.660888671875],[0.0566,0.5587,0.1132,0.2190]
BRAIIM,BRAIIM_0238.jpg,None,0,0.201,[4017.512939453125,7.5855207443237305,4198.2041015625,141.96310424804688],[6.4185,0.1168,0.2823,0.2100]
BRAIIM,BRAIIM_0240.jpg,None,0,0.291,[2661.908203125,74.48027038574219,2806.791259765625,224.28224182128906],[4.2724,0.2334,0.2264,0.2341]
BRAIIM,BRAIIM_0240.jpg,None,0,0.281,[1562.53955078125,2156.658935546875,1681.538330078125,2320.324462890625],[2.5344,3.4976,0.1859,0.2557]
BRAIIM,BRAIIM_0240.jpg,None,0,0.259,[0.0,1292.309326171875,48.58959197998047,1472.578125],[0.0380,2.1601,0.0759,0.2817]
BRAIIM,BRAIIM_0244.jpg,None,0,0.272,[4749.4697265625,460.65582275390625,4896.07177734375,549.97998046875],[7.5356,0.7896,0.2291,0.1396]
BRAIIM,BRAIIM_0244.jpg,None,0,0.252,[3516.5693359375,2013.7281494140625,3608.244140625,2176.28125],[5.5663,3.2734,0.1432,0.2540]
BRAIIM,BRAIIM_0244.jpg,None,0,0.224,[1602.99755859375,307.9630126953125,1769.82568359375,460.5041809082031],[2.6350,0.6004,0.2607,0.2383]
BRAIIM,BRAIIM_0255.jpg,None,0,0.293,[2825.331787109375,1374.3128662109375,2965.872314453125,1532.3035888671875],[4.5244,2.2708,0.2196,0.2469]
BRAIIM,BRAIIM_0255.jpg,None,0,0.278,[1684.1680908203125,1464.5718994140625,1872.92822265625,1696.3690185546875],[2.7790,2.4695,0.2949,0.3622]
BRAIIM,BRAIIM_0255.jpg,None,0,0.260,[719.2486572265625,0.0,904.2501220703125,110.65447235107422],[1.2684,0.0864,0.2891,0.1729]
BRAIIM,BRAIIM_0268.jpg,None,0,0.290,[4492.6943359375,808.9826049804688,4599.34716796875,902.2467651367188],[7.1032,1.3369,0.1666,0.1457]
BRAIIM,BRAIIM_0268.jpg,None,0,0.279,[2844.16552734375,129.25173950195312,2992.052734375,261.263916015625],[4.5595,0.3051,0.2311,0.2063]
BRAIIM,BRAIIM_0268.jpg,None,0,0.251,[3416.385009765625,44.69720458984375,3510.515380859375,141.2126922607422],[5.4116,0.1452,0.1471,0.1508]
BRAIIM,BRAIIM_0268.jpg,None,0,0.239,[0.49500662088394165,1757.119140625,46.22474670410156,1894.05322265625],[0.0365,2.8525,0.0715,0.2140]
BRAIIM,BRAIIM_0268.jpg,None,0,0.210,[4130.51611328125,1617.0296630859375,4395.53662109375,1811.027099609375],[6.6610,2.6782,0.4141,0.3031]
BRAIIM,BRAIIM_0268.jpg,None,0,0.204,[1562.615478515625,111.92462158203125,1666.3941650390625,260.7643737792969],[2.5227,0.2912,0.1622,0.2326]
BRAIIM,BRAIIM_0271.jpg,None,0,0.286,[3635.921142578125,0.0,3820.54443359375,152.92623901367188],[5.8254,0.1195,0.2885,0.2389]
BRAIIM,BRAIIM_0307.jpg,None,0,0.299,[5268.30859375,406.201171875,5429.95849609375,564.9430541992188],[8.3580,0.7587,0.2526,0.2480]
BRAIIM,BRAIIM_0307.jpg,None,0,0.298,[2576.38671875,273.3927307128906,2720.95751953125,414.034912109375],[4.1386,0.5371,0.2259,0.2198]
BRAIIM,BRAIIM_0307.jpg,None,0,0.236,[2771.129638671875,229.2611083984375,2984.1474609375,414.740234375],[4.4963,0.5031,0.3328,0.2898]
BRAIIM,BRAIIM_0310.jpg,None,0,0.276,[4154.46142578125,77.50926208496094,4273.994140625,232.15066528320312],[6.5847,0.2419,0.1868,0.2416]
BRAIIM,BRAIIM_0310.jpg,None,0,0.273,[5253.9443359375,1781.687744140625,5419.93310546875,1966.8819580078125],[8.3390,2.9286,0.2594,0.2894]
BRAIIM,BRAIIM_0310.jpg,None,0,0.253,[4488.5576171875,0.0,4689.45263671875,134.77197265625],[7.1703,0.1053,0.3139,0.2106]
BRAIIM,BRAIIM_0310.jpg,None,0,0.245,[3482.403564453125,272.9798583984375,3650.357421875,393.096435546875],[5.5725,0.5204,0.2624,0.1877]
BRAIIM,BRAIIM_0310.jpg,None,0,0.223,[4466.27099609375,2054.3076171875,4602.8017578125,2134.80029296875],[7.0852,3.2727,0.2133,0.1258]
BRAIIM,BRAIIM_0323.jpg,None,0,0.296,[2485.04931640625,400.7292175292969,2628.1474609375,546.6205444335938],[3.9947,0.7401,0.2236,0.2280]
BRAIIM,BRAIIM_0323.jpg,None,0,0.284,[1709.2135009765625,2071.8896484375,1854.1939697265625,2254.129150390625],[2.7839,3.3797,0.2265,0.2847]
BRAIIM,BRAIIM_0323.jpg,None,0,0.278,[1800.1123046875,1232.4205322265625,2006.941162109375,1447.822021484375],[2.9743,2.0939,0.3232,0.3366]
BRAIIM,BRAIIM_0323.jpg,None,0,0.244,[1921.9527587890625,1041.5877685546875,2092.35400390625,1191.6485595703125],[3.1362,1.7447,0.2663,0.2345]
BRAIIM,BRAIIM_0328.jpg,None,0,0.295,[3195.23583984375,845.07568359375,3379.21240234375,1081.633544921875],[5.1363,1.5052,0.2875,0.3696]
BRAIIM,BRAIIM_0328.jpg,None,0,0.289,[4512.416015625,183.89926147460938,4669.271484375,387.373291015625],[7.1732,0.4463,0.2451,0.3179]
BRAIIM,BRAIIM_0328.jpg,None,0,0.260,[4735.890625,1260.8616943359375,4830.19091796875,1330.4139404296875],[7.4735,2.0244,0.1473,0.1087]
BRAIIM,BRAIIM_0328.jpg,None,0,0.219,[2068.29248046875,1088.9666748046875,2228.696044921875,1292.417236328125],[3.3570,1.8605,0.2506,0.3179]
BRAIIM,BRAIIM_0328.jpg,None,0,0.217,[5719.52490234375,14.575530052185059,5764.0,188.73968505859375],[8.9715,0.1588,0.0695,0.2721]
BRAIIM,BRAIIM_0328.jpg,None,0,0.206,[5141.890625,1429.8333740234375,5286.25244140625,1544.3291015625],[8.1470,2.3236,0.2256,0.1789]
BRAIIM,BRAIIM_0356.jpg,None,0,0.261,[414.77398681640625,1239.409423828125,577.8587036132812,1394.49267578125],[0.7755,2.0577,0.2548,0.2423]
BRAIIM,BRAIIM_0356.jpg,None,0,0.244,[3159.43310546875,2098.79541015625,3296.934326171875,2276.0107421875],[5.0440,3.4178,0.2148,0.2769]
BRAIIM,BRAIIM_0357.jpg,None,0,0.287,[4552.0712890625,237.1385498046875,4763.37353515625,393.25927734375],[7.2777,0.4925,0.3302,0.2439]
BRAIIM,BRAIIM_0357.jpg,None,0,0.213,[3869.466552734375,817.9224243164062,4035.780517578125,970.0416259765625],[6.1760,1.3968,0.2599,0.2377]
BRAIIM,BRAIIM_0358.jpg,None,0,0.230,[2330.11328125,354.2767028808594,2414.64599609375,499.3251647949219],[3.7068,0.6669,0.1321,0.2266]
BRAIIM,BRAIIM_0358.jpg,None,0,0.209,[2858.645751953125,292.53448486328125,3030.18310546875,486.9656066894531],[4.6006,0.6090,0.2680,0.3038]
BRAIIM,BRAIIM_0358.jpg,None,0,0.205,[3738.060791015625,2087.69482421875,3942.737060546875,2305.770263671875],[6.0006,3.4324,0.3198,0.3407]
BRAIIM,BRAIIM_0364.jpg,None,0,0.291,[360.28912353515625,1367.8380126953125,519.0682373046875,1463.4141845703125],[0.6870,2.2119,0.2481,0.1493]
BRAIIM,BRAIIM_0364.jpg,None,0,0.246,[2242.59521484375,2331.225341796875,2423.7666015625,2476.90234375],[3.6456,3.7563,0.2831,0.2276]
BRAIIM,BRAIIM_0373.jpg,None,0,0.275,[1044.9200439453125,0.0,1221.5283203125,130.17576599121094],[1.7707,0.1017,0.2760,0.2034]
BRAIIM,BRAIIM_0373.jpg,None,0,0.270,[499.94024658203125,646.9823608398438,679.929931640625,816.8906860351562],[0.9218,1.1437,0.2812,0.2655]
BRAIIM,BRAIIM_0373.jpg,None,0,0.251,[5685.75439453125,1275.7890625,5868.365234375,1451.4847412109375],[9.0267,2.1307,0.2853,0.2745]
BRAIIM,BRAIIM_0373.jpg,None,0,0.205,[4447.91748046875,0.0,4606.712890625,108.17643737792969],[7.0739,0.0845,0.2481,0.1690]
BRAIIM,BRAIIM_0382.jpg,None,0,0.239,[5325.9970703125,1675.28369140625,5487.29833984375,1822.8800048828125],[8.4479,2.7329,0.2520,0.2306]
BRAIIM,BRAIIM_0388.jpg,None,0,0.247,[1654.534423828125,1048.1107177734375,1822.322265625,1189.165283203125],[2.7163,1.7479,0.2622,0.2204]
BRAIIM,BRAIIM_0393.jpg,None,0,0.231,[138.673828125,2252.155029296875,224.56202697753906,2348.5849609375],[0.2838,3.5943,0.1342,0.1507]
BRAIIM,BRAIIM_0394.jpg,None,0,0.250,[1102.513916015625,362.7186279296875,1225.1163330078125,430.1159362792969],[1.8185,0.6194,0.1916,0.1053]
BRAIIM,BRAIIM_0396.jpg,None,0,0.269,[886.8263549804688,2035.962158203125,1091.15771484375,2282.090576171875],[1.5453,3.3735,0.3193,0.3846]
BRAIIM,BRAIIM_0396.jpg,None,0,0.209,[4629.24365234375,0.0,4873.91015625,154.03457641601562],[7.4243,0.1203,0.3823,0.2407]
BRAIIM,BRAIIM_0410.jpg,None,0,0.225,[2725.970947265625,1192.58447265625,2882.62744140625,1374.1610107421875],[4.3817,2.0053,0.2448,0.2837]
BRAIIM,BRAIIM_0411.jpg,None,0,0.285,[4922.46435546875,1714.06396484375,5013.3623046875,1839.8973388671875],[7.7624,2.7765,0.1420,0.1966]
BRAIIM,BRAIIM_0411.jpg,None,0,0.278,[3137.29443359375,405.6200866699219,3309.05078125,549.57275390625],[5.0362,0.7462,0.2684,0.2249]
BRAIIM,BRAIIM_0411.jpg,None,0,0.271,[1951.786376953125,2162.693115234375,2075.866943359375,2302.30419921875],[3.1466,3.4883,0.1939,0.2181]
BRAIIM,BRAIIM_0411.jpg,None,0,0.248,[4938.38427734375,1888.00830078125,5067.48583984375,2065.146240234375],[7.8171,3.0884,0.2017,0.2768]
BRAIIM,BRAIIM_0411.jpg,None,0,0.219,[4056.59619140625,425.8601989746094,4182.91650390625,597.4522705078125],[6.4371,0.7995,0.1974,0.2681]
BRAIIM,BRAIIM_0411.jpg,None,0,0.209,[1403.5087890625,1923.408935546875,1536.9097900390625,2073.689697265625],[2.2972,3.1227,0.2084,0.2348]
BRAIIM,BRAIIM_0413.jpg,None,0,0.262,[3490.8232421875,1123.0362548828125,3617.72900390625,1284.73046875],[5.5536,1.8811,0.1983,0.2526]
BRAIIM,BRAIIM_0413.jpg,None,0,0.225,[1957.8189697265625,298.6520080566406,2148.98974609375,501.3613586425781],[3.2084,0.6250,0.2987,0.3167]
BRAIIM,BRAIIM_0433.jpg,None,0,0.236,[0.06456301361322403,287.90472412109375,68.7377700805664,458.9155578613281],[0.0538,0.5835,0.1073,0.2672]
BRAIIM,BRAIIM_0433.jpg,None,0,0.221,[1600.36328125,471.45635986328125,1812.2296142578125,667.0934448242188],[2.6661,0.8895,0.3310,0.3057]
BRAIIM,BRAIIM_0433.jpg,None,0,0.212,[3391.269287109375,2404.626220703125,3497.902099609375,2479.0],[5.3822,3.8153,0.1666,0.1162]
BRAIIM,BRAIIM_0433.jpg,None,0,0.209,[4135.576171875,2366.75634765625,4285.38818359375,2479.0],[6.5789,3.7857,0.2341,0.1754]
BRAIIM,BRAIIM_0467.jpg,None,0,0.297,[3851.603271484375,159.11549377441406,4056.122314453125,353.5224304199219],[6.1779,0.4005,0.3196,0.3038]
BRAIIM,BRAIIM_0467.jpg,None,0,0.269,[1884.00341796875,100.4662094116211,2004.2154541015625,178.4896240234375],[3.0377,0.2179,0.1878,0.1219]
BRAIIM,BRAIIM_0473.jpg,None,0,0.220,[1588.24072265625,533.88134765625,1762.0804443359375,703.8551635742188],[2.6174,0.9670,0.2716,0.2656]
BRAIIM,BRAIIM_0479.jpg,None,0,0.297,[1457.0059814453125,43.420230865478516,1623.9345703125,224.43984985351562],[2.4070,0.2093,0.2608,0.2828]
BRAIIM,BRAIIM_0479.jpg,None,0,0.289,[3291.444580078125,31.693944931030273,3383.87646484375,184.5741424560547],[5.2151,0.1690,0.1444,0.2389]
BRAIIM,BRAIIM_0479.jpg,None,0,0.252,[3113.55224609375,292.18255615234375,3268.731689453125,469.7493896484375],[4.9862,0.5953,0.2425,0.2774]
BRAIIM,BRAIIM_0479.jpg,None,0,0.227,[1790.9903564453125,16.464426040649414,1980.341064453125,201.85581970214844],[2.9464,0.1706,0.2959,0.2897]
BRAIIM,BRAIIM_0479.jpg,None,0,0.217,[477.9777526855469,1120.63134765625,585.1959838867188,1207.476806640625],[0.8306,1.8188,0.1675,0.1357]
BRAIIM,BRAIIM_0480.jpg,None,0,0.276,[1567.291748046875,1780.7783203125,1748.5909423828125,1994.4287109375],[2.5905,2.9494,0.2833,0.3338]
BRAIIM,BRAIIM_0480.jpg,None,0,0.244,[3140.396728515625,1520.1951904296875,3320.3125,1626.7366943359375],[5.0474,2.4585,0.2811,0.1665]
BRAIIM,BRAIIM_0480.jpg,None,0,0.239,[3367.984619140625,1368.9783935546875,3444.96533203125,1489.451171875],[5.3226,2.2331,0.1203,0.1882]
BRAIIM,BRAIIM_0495.jpg,None,0,0.296,[4951.74658203125,1582.017333984375,5101.19189453125,1749.5933837890625],[7.8539,2.6028,0.2335,0.2618]
BRAIIM,BRAIIM_0495.jpg,None,0,0.258,[823.0971069335938,1058.334716796875,1016.468505859375,1208.64208984375],[1.4372,1.7711,0.3021,0.2349]
BRAIIM,BRAIIM_0495.jpg,None,0,0.216,[2667.880615234375,2237.497802734375,2826.365234375,2347.0],[4.2924,3.5816,0.2476,0.1711]
BRAIIM,BRAIIM_0510.jpg,None,0,0.276,[3657.580322265625,0.0,3799.5498046875,154.60134887695312],[5.8259,0.1208,0.2218,0.2416]
BRAIIM,BRAIIM_0510.jpg,None,0,0.237,[2105.579345703125,123.1556396484375,2327.249755859375,336.7378845214844],[3.4631,0.3593,0.3464,0.3337]
BRAIIM,BRAIIM_0510.jpg,None,0,0.202,[1597.07763671875,268.97589111328125,1801.224609375,460.83270263671875],[2.6549,0.5702,0.3190,0.2998]
BRAIIM,BRAIIM_0515.jpg,None,0,0.275,[3149.508544921875,0.0,3345.670166015625,206.74453735351562],[5.0744,0.1615,0.3065,0.3230]
BRAIIM,BRAIIM_0515.jpg,None,0,0.275,[2065.438232421875,363.4352722167969,2193.971435546875,535.0520629882812],[3.3277,0.7019,0.2008,0.2682]
BRAIIM,BRAIIM_0515.jpg,None,0,0.256,[5456.7138671875,200.84967041015625,5585.9189453125,349.9009704589844],[8.6271,0.4303,0.2019,0.2329]
BRAIIM,BRAIIM_0515.jpg,None,0,0.252,[4359.0966796875,1115.0311279296875,4504.85498046875,1284.2557373046875],[6.9250,1.8744,0.2277,0.2644]
BRAIIM,BRAIIM_0515.jpg,None,0,0.217,[5302.5966796875,1.845621109008789,5527.95751953125,188.9593505859375],[8.4614,0.1491,0.3521,0.2924]
BRAIIM,BRAIIM_0517.jpg,None,0,0.280,[1260.248291015625,521.0617065429688,1429.0509033203125,626.0568237304688],[2.1010,0.8962,0.2638,0.1641]
BRAIIM,BRAIIM_0517.jpg,None,0,0.263,[3324.4189453125,1120.652099609375,3520.65478515625,1314.8399658203125],[5.3477,1.9027,0.3066,0.3034]
BRAIIM,BRAIIM_0517.jpg,None,0,0.225,[2873.99072265625,346.2524719238281,3005.871826171875,460.2456359863281],[4.5936,0.6301,0.2061,0.1781]
BRAIIM,BRAIIM_0622.jpg,None,0,0.275,[4474.07373046875,0.0,4655.25390625,162.6124725341797],[7.1323,0.1270,0.2831,0.2541]
BRAIIM,BRAIIM_0622.jpg,None,0,0.239,[4761.58984375,820.4945068359375,4914.80810546875,943.5338134765625],[7.5597,1.3781,0.2394,0.1922]
BRAIIM,BRAIIM_0622.jpg,None,0,0.226,[0.0,1775.6612548828125,119.32735443115234,1954.3497314453125],[0.0932,2.9141,0.1864,0.2792]
BRAIIM,BRAIIM_0624.jpg,None,0,0.280,[5373.412109375,65.42533874511719,5543.09814453125,190.26361083984375],[8.5285,0.1998,0.2651,0.1951]
BRAIIM,BRAIIM_0624.jpg,None,0,0.233,[2408.912353515625,443.4930725097656,2544.7275390625,561.4475708007812],[3.8700,0.7851,0.2122,0.1843]
BRAIIM,BRAIIM_0624.jpg,None,0,0.232,[409.7012939453125,414.7193603515625,596.1995239257812,623.0396118164062],[0.7859,0.8107,0.2914,0.3255]
BRAIIM,BRAIIM_0625.jpg,None,0,0.297,[3320.642333984375,61.8637809753418,3501.196044921875,249.1758575439453],[5.3296,0.2430,0.2821,0.2927]
BRAIIM,BRAIIM_0625.jpg,None,0,0.290,[4066.71728515625,896.4935913085938,4220.255859375,1078.320068359375],[6.4742,1.5428,0.2399,0.2841]
BRAIIM,BRAIIM_0625.jpg,None,0,0.289,[3715.322021484375,383.4573974609375,3842.446533203125,557.2760009765625],[5.9045,0.7349,0.1986,0.2716]
BRAIIM,BRAIIM_0625.jpg,None,0,0.220,[3082.732666015625,384.5079650878906,3243.133544921875,533.761962890625],[4.9421,0.7174,0.2506,0.2332]
BRAIIM,BRAIIM_0625.jpg,None,0,0.200,[2585.393798828125,47.639095306396484,2707.801513671875,251.5977020263672],[4.1353,0.2338,0.1913,0.3187]
BRAIIM,BRAIIM_0627.jpg,None,0,0.240,[3799.979736328125,3.106076955795288,3970.16455078125,155.52874755859375],[6.0704,0.1239,0.2659,0.2382]
BRAIIM,BRAIIM_0627.jpg,None,0,0.220,[602.4923095703125,172.1499481201172,784.0419921875,266.1628723144531],[1.0832,0.3424,0.2837,0.1469]
BRAIIM,BRAIIM_0627.jpg,None,0,0.216,[2180.373291015625,340.3124084472656,2323.82568359375,476.32196044921875],[3.5189,0.6380,0.2241,0.2125]
BRAIIM,BRAIIM_0627.jpg,None,0,0.207,[5520.21240234375,744.89453125,5707.28076171875,841.691162109375],[8.7715,1.2395,0.2923,0.1512]
BRAIIM,BRAIIM_0627.jpg,None,0,0.207,[1651.9678955078125,160.9298858642578,1813.2796630859375,343.6494140625],[2.7072,0.3942,0.2520,0.2855]
BRAIIM,BRAIIM_0633.jpg,None,0,0.293,[447.7367248535156,950.3587646484375,563.0311279296875,1091.0032958984375],[0.7897,1.5948,0.1801,0.2198]
BRAIIM,BRAIIM_0633.jpg,None,0,0.275,[1925.1907958984375,585.895751953125,2077.759765625,694.56982421875],[3.1273,1.0004,0.2384,0.1698]
BRAIIM,BRAIIM_0633.jpg,None,0,0.265,[1638.4908447265625,1811.6868896484375,1766.811279296875,1999.589111328125],[2.6604,2.9776,0.2005,0.2936]
BRAIIM,BRAIIM_0633.jpg,None,0,0.261,[2337.76806640625,263.6627502441406,2494.2646484375,381.8664855957031],[3.7750,0.5043,0.2445,0.1847]
BRAIIM,BRAIIM_0633.jpg,None,0,0.227,[1595.738525390625,115.0806655883789,1736.5340576171875,293.71795654296875],[2.6033,0.3194,0.2200,0.2791]
BRAIIM,BRAIIM_0635.jpg,None,0,0.252,[2609.552490234375,0.0,2754.717041015625,172.9083251953125],[4.1908,0.1351,0.2268,0.2702]
BRAIIM,BRAIIM_0635.jpg,None,0,0.241,[5304.36181640625,643.3785400390625,5523.40380859375,825.0404663085938],[8.4592,1.1472,0.3423,0.2838]
BRAIIM,BRAIIM_0635.jpg,None,0,0.223,[2684.9814453125,1162.9468994140625,2869.31591796875,1343.5301513671875],[4.3393,1.9582,0.2880,0.2822]
BRAIIM,BRAIIM_0642.jpg,None,0,0.296,[4551.73291015625,0.0,4745.19384765625,133.83895874023438],[7.2632,0.1046,0.3023,0.2091]
BRAIIM,BRAIIM_0642.jpg,None,0,0.290,[3931.902099609375,932.0343627929688,4085.7275390625,1126.1007080078125],[6.2638,1.6079,0.2404,0.3032]
BRAIIM,BRAIIM_0642.jpg,None,0,0.278,[470.8480224609375,1849.347900390625,585.0879516601562,1999.5],[0.8249,3.0069,0.1785,0.2346]
BRAIIM,BRAIIM_0642.jpg,None,0,0.274,[1573.677734375,385.6899719238281,1750.272705078125,532.9612426757812],[2.5968,0.7177,0.2759,0.2301]
BRAIIM,BRAIIM_0642.jpg,None,0,0.268,[2536.95751953125,128.26312255859375,2673.100341796875,269.51580810546875],[4.0704,0.3108,0.2127,0.2207]
BRAIIM,BRAIIM_0642.jpg,None,0,0.238,[3915.85107421875,1855.303955078125,4079.971435546875,2063.78076171875],[6.2467,3.0618,0.2564,0.3257]
BRAIIM,BRAIIM_0642.jpg,None,0,0.205,[4504.154296875,1615.49072265625,4637.92529296875,1702.7657470703125],[7.1422,2.5924,0.2090,0.1364]
BRAIIM,BRAIIM_0642.jpg,None,0,0.202,[4023.593017578125,749.4365234375,4182.05810546875,913.8906860351562],[6.4107,1.2995,0.2476,0.2570]
BRAIIM,BRAIIM_0643.jpg,None,0,0.251,[2894.867919921875,359.97772216796875,3043.552978515625,498.45257568359375],[4.6394,0.6706,0.2323,0.2164]
BRAIIM,BRAIIM_0643.jpg,None,0,0.201,[2281.645751953125,2047.324951171875,2455.72119140625,2241.81591796875],[3.7011,3.3509,0.2720,0.3039]
BRAIIM,BRAIIM_0650.jpg,None,0,0.262,[2396.115478515625,1133.498779296875,2575.487548828125,1258.6968994140625],[3.8841,1.8689,0.2803,0.1956]
BRAIIM,BRAIIM_0655.jpg,None,0,0.298,[5171.7705078125,1435.09228515625,5330.58935546875,1550.7015380859375],[8.2050,2.3327,0.2482,0.1806]
BRAIIM,BRAIIM_0655.jpg,None,0,0.286,[2292.687744140625,2091.34033203125,2468.000244140625,2190.281494140625],[3.7193,3.3450,0.2739,0.1546]
BRAIIM,BRAIIM_0655.jpg,None,0,0.260,[4139.1533203125,967.4711303710938,4277.23291015625,1165.463134765625],[6.5753,1.6664,0.2157,0.3094]
BRAIIM,BRAIIM_0655.jpg,None,0,0.242,[4327.81787109375,1151.73095703125,4470.44677734375,1294.185546875],[6.8736,1.9109,0.2229,0.2226]
BRAIIM,BRAIIM_0655.jpg,None,0,0.222,[1605.505859375,996.4307861328125,1740.677490234375,1120.494384765625],[2.6142,1.6538,0.2112,0.1938]
BRAIIM,BRAIIM_0655.jpg,None,0,0.221,[4539.5615234375,716.3326416015625,4649.697265625,811.10595703125],[7.1791,1.1933,0.1721,0.1481]
BRAIIM,BRAIIM_0655.jpg,None,0,0.208,[2989.992431640625,497.7219543457031,3137.34814453125,613.4329833984375],[4.7870,0.8681,0.2302,0.1808]
BRAIIM,BRAIIM_0666.jpg,None,0,0.284,[5114.39111328125,4.565794944763184,5291.93603515625,172.8635711669922],[8.1299,0.1386,0.2774,0.2630]
BRAIIM,BRAIIM_0666.jpg,None,0,0.264,[4430.52001953125,0.0,4650.3818359375,191.38308715820312],[7.0945,0.1495,0.3435,0.2990]
BRAIIM,BRAIIM_0666.jpg,None,0,0.259,[3910.66552734375,1637.4786376953125,4052.147705078125,1800.9912109375],[6.2209,2.6863,0.2211,0.2555]
BRAIIM,BRAIIM_0666.jpg,None,0,0.255,[918.0960693359375,728.9007568359375,1079.09814453125,930.6655883789062],[1.5603,1.2965,0.2516,0.3153]
BRAIIM,BRAIIM_0666.jpg,None,0,0.248,[4484.5576171875,815.4963989257812,4636.66064453125,908.830322265625],[7.1260,1.3471,0.2377,0.1458]
BRAIIM,BRAIIM_0666.jpg,None,0,0.224,[5251.91015625,1190.8983154296875,5477.92041015625,1377.8038330078125],[8.3827,2.0068,0.3531,0.2920]
BRAIIM,BRAIIM_0666.jpg,None,0,0.212,[4891.45849609375,159.58883666992188,5095.16845703125,315.0105285644531],[7.8021,0.3708,0.3183,0.2428]
BRAIIM,BRAIIM_0667.jpg,None,0,0.295,[3072.639892578125,106.18988800048828,3272.44287109375,307.3164978027344],[4.9571,0.3231,0.3122,0.3143]
BRAIIM,BRAIIM_0667.jpg,None,0,0.294,[5387.04248046875,2052.4677734375,5465.46142578125,2147.6953125],[8.4785,3.2814,0.1225,0.1488]
BRAIIM,BRAIIM_0667.jpg,None,0,0.293,[2875.299560546875,965.7454223632812,3104.0908203125,1210.9493408203125],[4.6714,1.7005,0.3575,0.3831]
BRAIIM,BRAIIM_0667.jpg,None,0,0.259,[4401.76318359375,1566.0382080078125,4626.65576171875,1710.257568359375],[7.0535,2.5596,0.3514,0.2253]
BRAIIM,BRAIIM_0667.jpg,None,0,0.225,[1633.58935546875,346.63580322265625,1837.209228515625,572.4700317382812],[2.7116,0.7181,0.3182,0.3529]
BRAIIM,BRAIIM_0667.jpg,None,0,0.223,[2193.90185546875,1136.632568359375,2346.75830078125,1310.8973388671875],[3.5474,1.9121,0.2388,0.2723]
BRAIIM,BRAIIM_0667.jpg,None,0,0.211,[1559.9798583984375,735.3028564453125,1737.2847900390625,873.4459228515625],[2.5760,1.2568,0.2770,0.2158]
BRAIIM,BRAIIM_0668.jpg,None,0,0.293,[393.46978759765625,861.9417724609375,661.7413330078125,1045.524658203125],[0.8244,1.4902,0.4192,0.2868]
BRAIIM,BRAIIM_0668.jpg,None,0,0.288,[3924.56689453125,530.9368896484375,4083.90185546875,704.945556640625],[6.2566,0.9655,0.2490,0.2719]
BRAIIM,BRAIIM_0668.jpg,None,0,0.275,[1946.30859375,330.5,2130.830322265625,544.0611572265625],[3.1853,0.6833,0.2883,0.3337]
BRAIIM,BRAIIM_0668.jpg,None,0,0.267,[4446.54052734375,1297.8896484375,4691.7080078125,1473.8123779296875],[7.1393,2.1654,0.3831,0.2749]
BRAIIM,BRAIIM_0668.jpg,None,0,0.239,[615.8809204101562,1316.18212890625,794.176025390625,1458.8179931640625],[1.1016,2.1680,0.2786,0.2229]
BRAIIM,BRAIIM_0687.jpg,None,0,0.269,[5061.923828125,1970.219482421875,5234.9521484375,2198.371337890625],[8.0444,3.2567,0.2704,0.3565]
BRAIIM,BRAIIM_0687.jpg,None,0,0.246,[0.0,1703.2000732421875,94.40804290771484,1819.8416748046875],[0.0738,2.7524,0.1475,0.1823]
BRAIIM,BRAIIM_0687.jpg,None,0,0.206,[1062.9375,0.0,1256.73583984375,136.49876403808594],[1.8122,0.1066,0.3028,0.2133]
BRAIIM,BRAIIM_0690.jpg,None,0,0.296,[2915.0146484375,114.9957275390625,2997.179443359375,211.85169982910156],[4.6189,0.2553,0.1284,0.1513]
BRAIIM,BRAIIM_0690.jpg,None,0,0.288,[798.3015747070312,1092.87255859375,973.4463500976562,1215.1839599609375],[1.3842,1.8032,0.2737,0.1911]
BRAIIM,BRAIIM_0690.jpg,None,0,0.264,[4009.876708984375,1319.0604248046875,4092.768798828125,1432.3546142578125],[6.3302,2.1495,0.1295,0.1770]
BRAIIM,BRAIIM_0690.jpg,None,0,0.246,[3799.113525390625,1961.096923828125,3867.443359375,2046.4608154296875],[5.9895,3.1309,0.1068,0.1334]
BRAIIM,BRAIIM_0690.jpg,None,0,0.240,[1972.1376953125,8.80278205871582,2105.5771484375,153.01797485351562],[3.1857,0.1264,0.2085,0.2253]
BRAIIM,BRAIIM_0690.jpg,None,0,0.224,[1282.81103515625,1087.6204833984375,1458.9329833984375,1229.0748291015625],[2.1420,1.8099,0.2752,0.2210]
BRAIIM,BRAIIM_0690.jpg,None,0,0.209,[2154.703857421875,1166.72216796875,2316.98291015625,1390.0302734375],[3.4935,1.9975,0.2536,0.3489]
BRAIIM,BRAIIM_0704.jpg,None,0,0.288,[777.113525390625,49.84528350830078,951.0751953125,154.80502319335938],[1.3501,0.1599,0.2718,0.1640]
BRAIIM,BRAIIM_0704.jpg,None,0,0.249,[496.48272705078125,2133.516357421875,644.605712890625,2240.790771484375],[0.8915,3.4174,0.2314,0.1676]
BRAIIM,BRAIIM_0704.jpg,None,0,0.247,[2867.6591796875,503.8899230957031,3062.048828125,619.8916625976562],[4.6326,0.8780,0.3037,0.1813]
BRAIIM,BRAIIM_0704.jpg,None,0,0.240,[340.53985595703125,2000.149169921875,410.6306457519531,2116.109375],[0.5869,3.2158,0.1095,0.1812]
BRAIIM,BRAIIM_0704.jpg,None,0,0.237,[4398.5322265625,1049.1304931640625,4558.05322265625,1239.3736572265625],[6.9973,1.7879,0.2493,0.2973]
BRAIIM,BRAIIM_0704.jpg,None,0,0.229,[420.7933349609375,839.4739990234375,520.858642578125,967.5955200195312],[0.7357,1.4118,0.1564,0.2002]
BRAIIM,BRAIIM_0704.jpg,None,0,0.202,[504.78875732421875,1476.8975830078125,664.8416748046875,1666.628662109375],[0.9138,2.4559,0.2501,0.2965]
BRAIIM,BRAIIM_0709.jpg,None,0,0.296,[1954.1910400390625,850.81787109375,2114.21728515625,1015.9527587890625],[3.1784,1.4584,0.2500,0.2580]
BRAIIM,BRAIIM_0709.jpg,None,0,0.278,[395.4062194824219,411.4530029296875,473.443115234375,487.5435791015625],[0.6788,0.7023,0.1219,0.1189]
BRAIIM,BRAIIM_0709.jpg,None,0,0.275,[2695.56494140625,1241.5732421875,2852.7373046875,1389.795654296875],[4.3346,2.0558,0.2456,0.2316]
BRAIIM,BRAIIM_0709.jpg,None,0,0.257,[4095.664306640625,171.78402709960938,4240.091796875,297.7907409667969],[6.5123,0.3669,0.2257,0.1969]
BRAIIM,BRAIIM_0709.jpg,None,0,0.256,[1582.8287353515625,1267.75244140625,1746.3919677734375,1412.5733642578125],[2.6010,2.0940,0.2556,0.2263]
BRAIIM,BRAIIM_0709.jpg,None,0,0.243,[3912.382080078125,1359.2896728515625,4053.657470703125,1502.8702392578125],[6.2235,2.2361,0.2207,0.2243]
BRAIIM,BRAIIM_0760.jpg,None,0,0.286,[4974.78125,1218.1177978515625,5153.3486328125,1373.444091796875],[7.9126,2.0247,0.2790,0.2427]
BRAIIM,BRAIIM_0760.jpg,None,0,0.280,[3994.47998046875,1961.2855224609375,4137.01513671875,2124.528564453125],[6.3527,3.1920,0.2227,0.2551]
BRAIIM,BRAIIM_0760.jpg,None,0,0.279,[5283.45556640625,1523.60107421875,5451.0126953125,1663.05810546875],[8.3863,2.4896,0.2618,0.2179]
BRAIIM,BRAIIM_0760.jpg,None,0,0.201,[5210.197265625,524.806640625,5387.8505859375,722.2566528320312],[8.2797,0.9743,0.2776,0.3085]
BRAIIM,BRAIIM_0769.jpg,None,0,0.275,[3544.2236328125,115.5665512084961,3732.199951171875,322.6246643066406],[5.6847,0.3423,0.2937,0.3235]
BRAIIM,BRAIIM_0773.jpg,None,0,0.283,[1841.5638427734375,0.0,2024.3787841796875,158.1634063720703],[3.0203,0.1236,0.2856,0.2471]
BRAIIM,BRAIIM_0773.jpg,None,0,0.232,[436.9927978515625,1516.3935546875,627.8815307617188,1665.178466796875],[0.8319,2.4856,0.2983,0.2325]
BRAIIM,BRAIIM_0777.jpg,None,0,0.259,[1169.3134765625,362.7797546386719,1395.8955078125,652.249267578125],[2.0041,0.7930,0.3540,0.4523]
BRAIIM,BRAIIM_0777.jpg,None,0,0.245,[1609.733642578125,55.678245544433594,1763.7978515625,244.7264862060547],[2.6356,0.2347,0.2407,0.2954]
BRAIIM,BRAIIM_0777.jpg,None,0,0.242,[4197.32861328125,345.3130798339844,4411.75927734375,660.3883056640625],[6.7258,0.7857,0.3350,0.4923]
BRAIIM,BRAIIM_0777.jpg,None,0,0.241,[1414.3260498046875,1261.08251953125,1574.9110107421875,1397.0712890625],[2.3353,2.0767,0.2509,0.2125]
BRAIIM,BRAIIM_0777.jpg,None,0,0.214,[3453.56201171875,0.0,3642.510986328125,165.92410278320312],[5.5438,0.1296,0.2952,0.2593]
BRAIIM,BRAIIM_0780.jpg,None,0,0.297,[3268.169189453125,79.27449798583984,3420.79296875,253.99429321289062],[5.2258,0.2604,0.2385,0.2730]
BRAIIM,BRAIIM_0780.jpg,None,0,0.281,[4625.5458984375,1997.18359375,4837.43212890625,2147.743896484375],[7.3930,3.2382,0.3311,0.2353]
BRAIIM,BRAIIM_0780.jpg,None,0,0.267,[195.77645874023438,2086.880126953125,483.56640625,2312.771728515625],[0.5307,3.4372,0.4497,0.3530]
BRAIIM,BRAIIM_0780.jpg,None,0,0.207,[53.8388786315918,644.4771118164062,208.99095153808594,787.1065063476562],[0.2053,1.1184,0.2424,0.2229]
BRAIIM,BRAIIM_0780.jpg,None,0,0.205,[3541.1083984375,9.86325740814209,3749.492919921875,160.70494079589844],[5.6958,0.1333,0.3256,0.2357]
BRAIIM,BRAIIM_0786.jpg,None,0,0.291,[514.7808837890625,0.0,684.3284912109375,116.6190414428711],[0.9368,0.0911,0.2649,0.1822]
BRAIIM,BRAIIM_0786.jpg,None,0,0.264,[5069.84619140625,1265.3477783203125,5276.9755859375,1431.009033203125],[8.0835,2.1065,0.3236,0.2588]
BRAIIM,BRAIIM_0786.jpg,None,0,0.253,[1696.6522216796875,1087.439697265625,1922.4981689453125,1290.97607421875],[2.8275,1.8581,0.3529,0.3180]
BRAIIM,BRAIIM_0786.jpg,None,0,0.245,[4586.59716796875,1056.453857421875,4776.38623046875,1212.5303955078125],[7.3148,1.7726,0.2965,0.2439]
BRAIIM,BRAIIM_0786.jpg,None,0,0.240,[4054.91552734375,1313.263916015625,4224.79248046875,1495.2503662109375],[6.4685,2.1942,0.2654,0.2844]
BRAIIM,BRAIIM_0786.jpg,None,0,0.230,[2326.201904296875,1029.2510986328125,2525.67578125,1228.0321044921875],[3.7905,1.7635,0.3117,0.3106]
BRAIIM,BRAIIM_0786.jpg,None,0,0.223,[3373.89111328125,72.50514221191406,3520.39404296875,214.69334411621094],[5.3862,0.2244,0.2289,0.2222]
BRAIIM,BRAIIM_0786.jpg,None,0,0.212,[2261.198974609375,0.0,2430.724853515625,124.60993957519531],[3.6656,0.0974,0.2649,0.1947]
BRAIIM,BRAIIM_0786.jpg,None,0,0.205,[5772.93896484375,1491.44287109375,5838.65478515625,1657.2757568359375],[9.0716,2.4599,0.1027,0.2591]
BRAIIM,BRAIIM_0797.jpg,None,0,0.277,[2267.373779296875,1649.9796142578125,2388.3037109375,1785.4588623046875],[3.6372,2.6839,0.1890,0.2117]
BRAIIM,BRAIIM_0797.jpg,None,0,0.270,[4108.75146484375,1599.628662109375,4376.73974609375,1846.4066162109375],[6.6293,2.6922,0.4187,0.3856]
BRAIIM,BRAIIM_0797.jpg,None,0,0.253,[1681.1759033203125,721.3910522460938,1775.3924560546875,838.84716796875],[2.7004,1.2189,0.1472,0.1835]
BRAIIM,BRAIIM_0797.jpg,None,0,0.247,[2614.727294921875,49.91951370239258,2726.0888671875,145.58290100097656],[4.1725,0.1527,0.1740,0.1495]
BRAIIM,BRAIIM_0797.jpg,None,0,0.232,[1736.9560546875,1073.3499755859375,1842.683837890625,1243.9420166015625],[2.7966,1.8104,0.1652,0.2666]
BRAIIM,BRAIIM_0797.jpg,None,0,0.226,[5301.26220703125,1777.8597412109375,5415.34814453125,1902.4085693359375],[8.3724,2.8752,0.1783,0.1946]
BRAIIM,BRAIIM_0797.jpg,None,0,0.203,[3235.113037109375,1069.4271240234375,3435.634033203125,1261.5972900390625],[5.2115,1.8211,0.3133,0.3003]
BRAIIM,BRAIIM_0810.jpg,None,0,0.277,[1939.1639404296875,55.09044647216797,2105.191650390625,152.12918090820312],[3.1597,0.1619,0.2594,0.1516]
BRAIIM,BRAIIM_0810.jpg,None,0,0.260,[5402.6572265625,1679.5589599609375,5639.337890625,1989.2484130859375],[8.6266,2.8663,0.3698,0.4839]
BRAIIM,BRAIIM_0810.jpg,None,0,0.250,[2369.9091796875,2069.01953125,2513.663330078125,2264.257568359375],[3.8153,3.3854,0.2246,0.3051]
BRAIIM,BRAIIM_0810.jpg,None,0,0.235,[1642.0955810546875,308.6250915527344,1811.1058349609375,500.9670104980469],[2.6978,0.6325,0.2641,0.3005]
BRAIIM,BRAIIM_0814.jpg,None,0,0.291,[3342.53271484375,348.867431640625,3517.8330078125,539.0941162109375],[5.3597,0.6937,0.2739,0.2972]
BRAIIM,BRAIIM_0814.jpg,None,0,0.232,[1120.18798828125,2299.621826171875,1257.7274169921875,2388.26318359375],[1.8577,3.6624,0.2149,0.1385]
BRAIIM,BRAIIM_0826.jpg,None,0,0.291,[1459.3173828125,1994.4447021484375,1762.3798828125,2247.7431640625],[2.5170,3.3142,0.4735,0.3958]
BRAIIM,BRAIIM_0826.jpg,None,0,0.228,[777.0982055664062,2296.5556640625,887.4935302734375,2395.0],[1.3005,3.6653,0.1725,0.1538]
BRAIIM,BRAIIM_0826.jpg,None,0,0.225,[4062.41064453125,446.1594543457031,4216.38818359375,563.2469482421875],[6.4678,0.7886,0.2406,0.1829]
BRAIIM,BRAIIM_0834.jpg,None,0,0.237,[1276.189208984375,1177.6055908203125,1463.9671630859375,1302.1737060546875],[2.1407,1.9373,0.2934,0.1946]
BRAIIM,BRAIIM_0834.jpg,None,0,0.228,[5174.8447265625,1146.3272705078125,5349.56884765625,1275.9073486328125],[8.2222,1.8924,0.2730,0.2025]
BRAIIM,BRAIIM_0887.jpg,None,0,0.288,[0.09397319704294205,383.5234375,71.02047729492188,589.11474609375],[0.0556,0.7599,0.1108,0.3212]
BRAIIM,BRAIIM_0887.jpg,None,0,0.286,[2604.0888671875,409.68804931640625,2741.480712890625,557.347412109375],[4.1762,0.7555,0.2147,0.2307]
BRAIIM,BRAIIM_0887.jpg,None,0,0.274,[3896.770263671875,2238.605712890625,4077.142822265625,2386.53662109375],[6.2296,3.6134,0.2818,0.2311]
BRAIIM,BRAIIM_0887.jpg,None,0,0.266,[3499.36767578125,48.157249450683594,3640.231201171875,200.7418212890625],[5.5778,0.1945,0.2201,0.2384]
BRAIIM,BRAIIM_0887.jpg,None,0,0.250,[3958.341796875,1249.729248046875,4116.00732421875,1373.5889892578125],[6.3081,2.0495,0.2464,0.1935]
BRAIIM,BRAIIM_0887.jpg,None,0,0.232,[1884.3037109375,7.574947357177734,2056.155517578125,166.987548828125],[3.0785,0.1364,0.2685,0.2491]
BRAIIM,BRAIIM_0900.jpg,None,0,0.297,[3346.111572265625,2173.600341796875,3603.41748046875,2349.260498046875],[5.4293,3.5335,0.4020,0.2745]
BRAIIM,BRAIIM_0900.jpg,None,0,0.253,[1046.30810546875,2237.974609375,1186.2855224609375,2384.8095703125],[1.7442,3.6116,0.2187,0.2294]
BRAIIM,BRAIIM_0900.jpg,None,0,0.240,[2301.007080078125,25.787668228149414,2444.9345703125,219.1352996826172],[3.7078,0.1913,0.2249,0.3021]
BRAIIM,BRAIIM_0902.jpg,None,0,0.296,[2801.230224609375,1530.1248779296875,2944.952880859375,1657.4859619140625],[4.4892,2.4903,0.2246,0.1990]
BRAIIM,BRAIIM_0902.jpg,None,0,0.264,[2493.535400390625,302.8739929199219,2622.2783203125,405.144775390625],[3.9967,0.5531,0.2012,0.1598]
BRAIIM,BRAIIM_0902.jpg,None,0,0.246,[1605.603515625,825.1643676757812,1750.2452392578125,949.2457885742188],[2.6218,1.3863,0.2260,0.1939]
BRAIIM,BRAIIM_0912.jpg,None,0,0.288,[3181.988037109375,1120.3651123046875,3348.81298828125,1282.5675048828125],[5.1022,1.8773,0.2607,0.2534]
BRAIIM,BRAIIM_0912.jpg,None,0,0.285,[4591.07666015625,1182.5955810546875,4764.16259765625,1333.1923828125],[7.3088,1.9655,0.2704,0.2353]
BRAIIM,BRAIIM_0912.jpg,None,0,0.276,[1497.0675048828125,1836.934326171875,1612.6978759765625,1981.2242431640625],[2.4295,2.9829,0.1807,0.2255]
BRAIIM,BRAIIM_0912.jpg,None,0,0.222,[2616.05322265625,397.0389709472656,2763.009033203125,521.9688110351562],[4.2024,0.7180,0.2296,0.1952]
BRAIIM,BRAIIM_0914.jpg,None,0,0.239,[109.13479614257812,1099.7557373046875,247.2250213623047,1283.3634033203125],[0.2784,1.8618,0.2158,0.2869]
BRAIIM,BRAIIM_0914.jpg,None,0,0.237,[5182.64013671875,1581.669921875,5359.4521484375,1776.010009765625],[8.2360,2.6232,0.2763,0.3037]
BRAIIM,BRAIIM_0914.jpg,None,0,0.222,[5279.6806640625,1277.9908447265625,5402.93798828125,1440.9674072265625],[8.3458,2.1242,0.1926,0.2547]
BRAIIM,BRAIIM_0928.jpg,None,0,0.253,[3040.1181640625,121.71553802490234,3186.4375,287.777587890625],[4.8645,0.3199,0.2286,0.2595]
BRAIIM,BRAIIM_0937.jpg,None,0,0.271,[4762.9873046875,1160.644775390625,4972.591796875,1337.2139892578125],[7.6059,1.9515,0.3275,0.2759]
BRAIIM,BRAIIM_0937.jpg,None,0,0.258,[2884.255859375,870.2228393554688,3074.874755859375,1006.7315673828125],[4.6556,1.4664,0.2978,0.2133]
BRAIIM,BRAIIM_0937.jpg,None,0,0.258,[1786.974365234375,1714.2015380859375,1928.7796630859375,1861.5340576171875],[2.9029,2.7935,0.2216,0.2302]
BRAIIM,BRAIIM_0943.jpg,None,0,0.296,[2055.845458984375,254.90994262695312,2219.628662109375,378.0896301269531],[3.3402,0.4945,0.2559,0.1925]
BRAIIM,BRAIIM_0945.jpg,None,0,0.282,[3019.667236328125,272.488037109375,3128.2265625,393.3542785644531],[4.8030,0.5202,0.1696,0.1889]
BRAIIM,BRAIIM_0945.jpg,None,0,0.269,[3591.961181640625,1082.898193359375,3737.16455078125,1179.6339111328125],[5.7259,1.7676,0.2269,0.1511]
BRAIIM,BRAIIM_0945.jpg,None,0,0.240,[2858.325439453125,832.144775390625,3054.46142578125,1001.48388671875],[4.6194,1.4325,0.3065,0.2646]
BRAIIM,BRAIIM_0945.jpg,None,0,0.232,[2144.157470703125,599.3871459960938,2367.086181640625,745.24658203125],[3.5244,1.0505,0.3483,0.2279]
BRAIIM,BRAIIM_0947.jpg,None,0,0.262,[3450.216064453125,312.15313720703125,3595.22607421875,436.7317199707031],[5.5043,0.5851,0.2266,0.1947]
BRAIIM,BRAIIM_0947.jpg,None,0,0.239,[5249.5185546875,1950.201171875,5418.689453125,2080.947509765625],[8.3345,3.1493,0.2643,0.2043]
BRAIIM,BRAIIM_0947.jpg,None,0,0.204,[2648.102294921875,1240.846435546875,2810.864013671875,1406.5469970703125],[4.2648,2.0683,0.2543,0.2589]
BRAIIM,BRAIIM_0951.jpg,None,0,0.299,[1901.2130126953125,168.85641479492188,2108.604248046875,343.0869140625],[3.1327,0.4000,0.3240,0.2722]
BRAIIM,BRAIIM_0951.jpg,None,0,0.286,[4052.465576171875,1094.340576171875,4183.263671875,1194.6416015625],[6.4342,1.7883,0.2044,0.1567]
BRAIIM,BRAIIM_0951.jpg,None,0,0.258,[4300.80712890625,1734.4705810546875,4480.61328125,1846.05078125],[6.8605,2.7973,0.2809,0.1743]
BRAIIM,BRAIIM_0951.jpg,None,0,0.240,[1950.6400146484375,2159.9912109375,2093.326904296875,2254.649658203125],[3.1593,3.4489,0.2229,0.1479]
BRAIIM,BRAIIM_0951.jpg,None,0,0.232,[2832.785400390625,1728.2242431640625,3003.423828125,1948.71337890625],[4.5595,2.8726,0.2666,0.3445]
BRAIIM,BRAIIM_0951.jpg,None,0,0.221,[3288.056396484375,316.765869140625,3381.614013671875,436.3014221191406],[5.2107,0.5883,0.1462,0.1868]
BRAIIM,BRAIIM_0953.jpg,None,0,0.299,[3950.08349609375,1173.51953125,4085.87548828125,1291.0616455078125],[6.2781,1.9255,0.2122,0.1837]
BRAIIM,BRAIIM_0953.jpg,None,0,0.293,[3572.013916015625,2023.9735107421875,3706.981201171875,2179.3779296875],[5.6867,3.2839,0.2109,0.2428]
BRAIIM,BRAIIM_0953.jpg,None,0,0.270,[1640.384765625,99.21977996826172,1874.747314453125,256.1969909667969],[2.7462,0.2777,0.3662,0.2453]
BRAIIM,BRAIIM_0953.jpg,None,0,0.238,[1925.07861328125,387.2638854980469,2094.20849609375,578.4503173828125],[3.1401,0.7545,0.2643,0.2987]
BRAIIM,BRAIIM_0953.jpg,None,0,0.204,[4151.54833984375,0.0,4337.18994140625,160.94219970703125],[6.6318,0.1257,0.2901,0.2515]
BRAIIM,BRAIIM_0968.jpg,None,0,0.273,[4347.43994140625,50.24951171875,4501.96484375,235.21456909179688],[6.9136,0.2230,0.2414,0.2890]
BRAIIM,BRAIIM_0968.jpg,None,0,0.223,[4882.00830078125,220.8867645263672,5037.4541015625,392.08795166015625],[7.7496,0.4789,0.2429,0.2675]
BRAIIM,BRAIIM_0971.jpg,None,0,0.275,[4151.2578125,1193.8355712890625,4332.34912109375,1384.656494140625],[6.6278,2.0144,0.2830,0.2982]
BRAIIM,BRAIIM_0971.jpg,None,0,0.275,[3606.59375,1566.1829833984375,3763.0361328125,1713.9476318359375],[5.7575,2.5626,0.2444,0.2309]
BRAIIM,BRAIIM_0971.jpg,None,0,0.246,[2220.21630859375,1408.8248291015625,2418.20068359375,1524.1070556640625],[3.6238,2.2914,0.3094,0.1801]
BRAIIM,BRAIIM_0971.jpg,None,0,0.227,[4058.207275390625,0.0,4193.404296875,154.42507934570312],[6.4466,0.1206,0.2112,0.2413]
BRAIIM,BRAIIM_0988.jpg,None,0,0.243,[467.990966796875,715.9672241210938,626.2492065429688,875.1741333007812],[0.8549,1.2431,0.2473,0.2488]
BRAIIM,BRAIIM_0990.jpg,None,0,0.209,[1700.193359375,896.8421020507812,1904.08056640625,1076.841796875],[2.8158,1.5419,0.3186,0.2812]
BRAIIM,BRAIIM_0992.jpg,None,0,0.275,[4067.333251953125,2220.56689453125,4212.84130859375,2358.122802734375],[6.4689,3.5771,0.2274,0.2149]
BRAIIM,BRAIIM_0992.jpg,None,0,0.249,[31.73090934753418,1264.5654296875,121.43057250976562,1349.56689453125],[0.1197,2.0423,0.1402,0.1328]
BRAIIM,BRAIIM_0992.jpg,None,0,0.218,[2671.4736328125,936.9771118164062,2809.423828125,1149.55224609375],[4.2820,1.6301,0.2155,0.3321]
BRAIIM,BRAIIM_0994.jpg,None,0,0.291,[4359.93994140625,1165.3448486328125,4555.06640625,1293.95556640625],[6.9648,1.9213,0.3049,0.2010]
BRAIIM,BRAIIM_0994.jpg,None,0,0.213,[3721.190185546875,132.593994140625,3914.294677734375,282.7557373046875],[5.9652,0.3245,0.3017,0.2346]
BRAIIM,BRAIIM_0994.jpg,None,0,0.211,[2535.4921875,417.61572265625,2697.294677734375,558.4241333007812],[4.0881,0.7625,0.2528,0.2200]
BRAIIM,BRAIIM_0994.jpg,None,0,0.206,[5256.15576171875,971.107177734375,5414.20166015625,1188.40673828125],[8.3362,1.6871,0.2469,0.3395]
BRAIIM,BRAIIM_0994.jpg,None,0,0.201,[2669.915283203125,0.0,2839.6171875,113.06553649902344],[4.3043,0.0883,0.2652,0.1767]
BRAIIM,BRAIIM_0998.jpg,None,0,0.285,[4097.01416015625,2117.916259765625,4188.84423828125,2253.610595703125],[6.4733,3.4153,0.1435,0.2120]
BRAIIM,BRAIIM_0998.jpg,None,0,0.267,[3890.39306640625,1473.69921875,4066.052490234375,1602.4532470703125],[6.2160,2.4032,0.2745,0.2012]
BRAIIM,BRAIIM_1000.jpg,None,0,0.257,[2960.30078125,1467.4013671875,3111.17138671875,1590.874267578125],[4.7433,2.3893,0.2357,0.1929]
BRAIIM,BRAIIM_1000.jpg,None,0,0.207,[1.0022484064102173,21.188148498535156,60.04988098144531,98.42340087890625],[0.0477,0.0934,0.0923,0.1207]
BRAIIM,BRAIIM_1008.jpg,None,0,0.286,[1664.562255859375,1356.3446044921875,1881.1624755859375,1580.275634765625],[2.7701,2.2942,0.3384,0.3499]
BRAIIM,BRAIIM_1008.jpg,None,0,0.274,[1929.3697509765625,391.6491394042969,2124.095947265625,558.7946166992188],[3.1668,0.7425,0.3043,0.2612]
BRAIIM,BRAIIM_1008.jpg,None,0,0.269,[4388.09912109375,571.4580078125,4557.30517578125,823.2363891601562],[6.9886,1.0896,0.2644,0.3934]
BRAIIM,BRAIIM_1014.jpg,None,0,0.257,[2335.66748046875,400.6092529296875,2464.00732421875,543.7138671875],[3.7497,0.7378,0.2005,0.2236]
BRAIIM,BRAIIM_1023.jpg,None,0,0.242,[3002.52685546875,386.2290954589844,3162.956298828125,539.0811157226562],[4.8168,0.7229,0.2507,0.2388]
BRAIIM,BRAIIM_1023.jpg,None,0,0.222,[5395.3662109375,631.9881591796875,5541.55810546875,799.0236206054688],[8.5445,1.1180,0.2284,0.2610]
BRAIIM,BRAIIM_1026.jpg,None,0,0.255,[2327.40185546875,94.668701171875,2485.701904296875,271.9818420410156],[3.7602,0.2864,0.2473,0.2771]
BRAIIM,BRAIIM_1029.jpg,None,0,0.251,[2041.8477783203125,1109.555419921875,2184.01123046875,1283.7486572265625],[3.3015,1.8698,0.2221,0.2722]
BRAIIM,BRAIIM_1039.jpg,None,0,0.278,[4710.859375,0.0,4863.2099609375,119.1446304321289],[7.4797,0.0931,0.2380,0.1862]
BRAIIM,BRAIIM_1039.jpg,None,0,0.250,[3791.750244140625,131.2616729736328,3925.175537109375,254.83990478515625],[6.0288,0.3016,0.2085,0.1931]
BRAIIM,BRAIIM_1039.jpg,None,0,0.238,[3112.966552734375,276.55950927734375,3244.308837890625,408.9571533203125],[4.9666,0.5356,0.2052,0.2069]
BRAIIM,BRAIIM_1039.jpg,None,0,0.230,[215.2289581298828,1762.68701171875,400.7843322753906,2010.7763671875],[0.4813,2.9480,0.2899,0.3876]
BRAIIM,BRAIIM_1039.jpg,None,0,0.225,[1625.7086181640625,130.3097381591797,1827.2567138671875,309.34381103515625],[2.6976,0.3435,0.3149,0.2797]
BRAIIM,BRAIIM_1039.jpg,None,0,0.213,[57.27136993408203,2358.98291015625,225.98712158203125,2456.0],[0.2213,3.7617,0.2636,0.1516]
BRAIIM,BRAIIM_1045.jpg,None,0,0.259,[3494.465087890625,158.2943878173828,3691.36083984375,336.2500305175781],[5.6139,0.3864,0.3076,0.2781]
BRAIIM,BRAIIM_1045.jpg,None,0,0.214,[291.8211975097656,127.0637435913086,406.4677429199219,226.08200073242188],[0.5455,0.2759,0.1791,0.1547]
BRAIIM,BRAIIM_1068.jpg,None,0,0.280,[2807.058349609375,25.60991668701172,2936.421875,196.35140991210938],[4.4871,0.1734,0.2021,0.2668]
BRAIIM,BRAIIM_1068.jpg,None,0,0.253,[4641.333984375,141.93719482421875,4711.55322265625,249.0486297607422],[7.3069,0.3055,0.1097,0.1674]
BRAIIM,BRAIIM_1068.jpg,None,0,0.233,[3400.910888671875,1353.809326171875,3544.814453125,1508.3551025390625],[5.4263,2.2361,0.2248,0.2415]
BRAIIM,BRAIIM_1068.jpg,None,0,0.212,[4790.77734375,1081.89306640625,4965.1640625,1254.3349609375],[7.6218,1.8252,0.2725,0.2694]
BRAIIM,BRAIIM_1077.jpg,None,0,0.282,[2680.588134765625,78.27196502685547,2848.71728515625,268.7117004394531],[4.3198,0.2711,0.2627,0.2976]
BRAIIM,BRAIIM_1077.jpg,None,0,0.273,[4226.20751953125,1695.0545654296875,4453.34375,1918.327880859375],[6.7809,2.8230,0.3549,0.3489]
BRAIIM,BRAIIM_1077.jpg,None,0,0.253,[4852.5556640625,0.0,5010.4638671875,125.81531524658203],[7.7055,0.0983,0.2467,0.1966]
BRAIIM,BRAIIM_1077.jpg,None,0,0.212,[2897.222412109375,576.6776123046875,3122.63330078125,779.099609375],[4.7030,1.0592,0.3522,0.3163]
BRAIIM,BRAIIM_1108.jpg,None,0,0.270,[2744.620849609375,1598.5010986328125,2984.885498046875,1798.5338134765625],[4.4762,2.6539,0.3754,0.3126]
BRAIIM,BRAIIM_1108.jpg,None,0,0.223,[5027.7421875,433.7393493652344,5235.56103515625,590.75244140625],[8.0182,0.8004,0.3247,0.2453]
BRAIIM,BRAIIM_1112.jpg,None,0,0.239,[5078.98388671875,1850.965576171875,5309.2294921875,2024.990966796875],[8.1158,3.0281,0.3598,0.2719]
BRAIIM,BRAIIM_1112.jpg,None,0,0.224,[5440.17431640625,2400.05322265625,5614.15673828125,2508.0],[8.6362,3.8344,0.2718,0.1687]
BRAIIM,BRAIIM_1154.jpg,None,0,0.293,[3296.161376953125,2142.196044921875,3463.55908203125,2327.760009765625],[5.2810,3.4922,0.2616,0.2899]
BRAIIM,BRAIIM_1154.jpg,None,0,0.278,[1660.273681640625,1425.72998046875,1844.671875,1578.416748046875],[2.7382,2.3470,0.2881,0.2386]
BRAIIM,BRAIIM_1154.jpg,None,0,0.263,[2108.052734375,1263.676025390625,2332.98681640625,1459.009521484375],[3.4696,2.1271,0.3515,0.3052]
BRAIIM,BRAIIM_1157.jpg,None,0,0.295,[4394.3916015625,346.1309814453125,4614.2392578125,595.052978515625],[7.0380,0.7353,0.3435,0.3889]
BRAIIM,BRAIIM_1181.jpg,None,0,0.219,[2161.57177734375,491.3451232910156,2282.173828125,642.0414428710938],[3.4717,0.8855,0.1884,0.2355]
BRAIIM,BRAIIM_1189.jpg,None,0,0.267,[5226.9990234375,0.0,5417.921875,126.30065155029297],[8.3163,0.0987,0.2983,0.1973]
BRAIIM,BRAIIM_1189.jpg,None,0,0.234,[2641.551025390625,785.3743286132812,2780.8330078125,973.9284057617188],[4.2362,1.3745,0.2176,0.2946]
BRAIIM,BRAIIM_1191.jpg,None,0,0.230,[2515.940673828125,47.90334701538086,2741.892578125,224.4171905517578],[4.1077,0.2128,0.3530,0.2758]
BRAIIM,BRAIIM_1192.jpg,None,0,0.299,[494.2409973144531,1159.7957763671875,722.2579956054688,1349.2572021484375],[0.9504,1.9602,0.3563,0.2960]
BRAIIM,BRAIIM_1192.jpg,None,0,0.214,[1562.870849609375,2050.2861328125,1739.152099609375,2244.9609375],[2.5797,3.3557,0.2754,0.3042]
BRAIIM,BRAIIM_1210.jpg,None,0,0.213,[4672.8154296875,1147.21923828125,4845.3994140625,1351.5792236328125],[7.4361,1.9522,0.2697,0.3193]
BRAIIM,BRAIIM_1217.jpg,None,0,0.271,[4810.68701171875,1110.221435546875,5040.44970703125,1277.6488037109375],[7.6962,1.8655,0.3590,0.2616]
BRAIIM,BRAIIM_1217.jpg,None,0,0.228,[3363.80224609375,79.22660827636719,3557.083251953125,289.5511169433594],[5.4069,0.2881,0.3020,0.3286]
LIRIBO,LIRIBO_0019.jpg,None,1,0.234,[5400.3779296875,272.7549133300781,5502.15234375,349.95831298828125],[8.5176,0.4865,0.1590,0.1206]
LIRIBO,LIRIBO_0025.jpg,None,1,0.236,[2729.38623046875,1275.758544921875,2809.709228515625,1353.9625244140625],[4.3274,2.0545,0.1255,0.1222]
LIRIBO,LIRIBO_0026.jpg,None,1,0.228,[1401.0472412109375,166.569580078125,1451.628662109375,208.9828643798828],[2.2287,0.2934,0.0790,0.0663]
LIRIBO,LIRIBO_0026.jpg,None,1,0.225,[702.6823120117188,2390.1396484375,751.1542358398438,2435.696533203125],[1.1358,3.7702,0.0757,0.0712]
LIRIBO,LIRIBO_0027.jpg,None,1,0.278,[2520.312255859375,1788.4193115234375,2551.473876953125,1812.4588623046875],[3.9623,2.8132,0.0487,0.0376]
LIRIBO,LIRIBO_0027.jpg,None,1,0.249,[1507.136474609375,634.9799194335938,1624.5797119140625,754.6669921875],[2.4467,1.0857,0.1835,0.1870]
LIRIBO,LIRIBO_0031.jpg,None,1,0.243,[4889.25634765625,1878.849609375,4956.23583984375,1994.835205078125],[7.6918,3.0263,0.1047,0.1812]
LIRIBO,LIRIBO_0041.jpg,None,1,0.259,[3404.12109375,336.20318603515625,3520.009033203125,471.85247802734375],[5.4095,0.6313,0.1811,0.2120]
LIRIBO,LIRIBO_0041.jpg,None,1,0.225,[3698.349609375,1981.5079345703125,3737.9970703125,2026.8338623046875],[5.8096,3.1315,0.0619,0.0708]
LIRIBO,LIRIBO_0042.jpg,None,1,0.270,[4872.35693359375,1202.314453125,5003.85693359375,1294.458984375],[7.7158,1.9506,0.2055,0.1440]
LIRIBO,LIRIBO_0043.jpg,None,1,0.225,[25.56995964050293,344.734619140625,68.03501892089844,380.4325866699219],[0.0731,0.5665,0.0664,0.0558]
LIRIBO,LIRIBO_0047.jpg,None,1,0.298,[4872.35498046875,1267.954833984375,4985.5830078125,1354.01025390625],[7.7015,2.0484,0.1769,0.1345]
LIRIBO,LIRIBO_0047.jpg,None,1,0.218,[2722.51806640625,1288.171630859375,2754.75341796875,1328.1253662109375],[4.2791,2.0440,0.0504,0.0624]
LIRIBO,LIRIBO_0047.jpg,None,1,0.206,[2767.98046875,482.52203369140625,2839.89404296875,574.6073608398438],[4.3812,0.8259,0.1124,0.1439]
LIRIBO,LIRIBO_0048.jpg,None,1,0.272,[3350.992431640625,1250.03857421875,3464.625244140625,1374.0882568359375],[5.3247,2.0501,0.1776,0.1938]
LIRIBO,LIRIBO_0050.jpg,None,1,0.239,[4739.42138671875,229.34347534179688,4846.28271484375,289.719970703125],[7.4888,0.4055,0.1670,0.0943]
LIRIBO,LIRIBO_0050.jpg,None,1,0.231,[2549.71826171875,337.6024169921875,2621.648681640625,402.09967041015625],[4.0401,0.5779,0.1124,0.1008]
LIRIBO,LIRIBO_0052.jpg,None,1,0.255,[2843.634033203125,931.0775756835938,2959.895751953125,1051.0260009765625],[4.5340,1.5485,0.1817,0.1874]
LIRIBO,LIRIBO_0052.jpg,None,1,0.241,[0.0,694.116455078125,89.4651870727539,813.9442749023438],[0.0699,1.1782,0.1398,0.1872]
LIRIBO,LIRIBO_0053.jpg,None,1,0.226,[2029.2034912109375,974.2586059570312,2135.633544921875,1061.7681884765625],[3.2538,1.5906,0.1663,0.1367]
LIRIBO,LIRIBO_0053.jpg,None,1,0.223,[4949.2431640625,1912.853271484375,5088.6455078125,2042.2073974609375],[7.8421,3.0899,0.2178,0.2021]
LIRIBO,LIRIBO_0053.jpg,None,1,0.223,[1384.279541015625,2192.385009765625,1408.485595703125,2215.3662109375],[2.1818,3.4436,0.0378,0.0359]
LIRIBO,LIRIBO_0053.jpg,None,1,0.216,[4803.0849609375,759.9471435546875,4922.2314453125,915.96240234375],[7.5979,1.3093,0.1862,0.2438]
LIRIBO,LIRIBO_0058.jpg,None,1,0.297,[2670.97607421875,37.57666778564453,2789.574462890625,143.97703552246094],[4.2661,0.1418,0.1853,0.1663]
LIRIBO,LIRIBO_0058.jpg,None,1,0.270,[3727.718994140625,686.404052734375,3835.252685546875,797.7990112304688],[5.9086,1.1595,0.1680,0.1741]
LIRIBO,LIRIBO_0059.jpg,None,1,0.212,[1498.6337890625,1854.009521484375,1546.660400390625,1899.929931640625],[2.3791,2.9328,0.0750,0.0718]
LIRIBO,LIRIBO_0060.jpg,None,1,0.219,[4792.38134765625,378.1300964355469,4918.60498046875,459.2939147949219],[7.5867,0.6542,0.1972,0.1268]
LIRIBO,LIRIBO_0061.jpg,None,1,0.218,[1315.5084228515625,2234.326171875,1376.40283203125,2288.879638671875],[2.1031,3.5338,0.0951,0.0852]
LIRIBO,LIRIBO_0064.jpg,None,1,0.229,[1215.5462646484375,2013.9932861328125,1266.07275390625,2069.263916015625],[1.9388,3.1900,0.0789,0.0864]
LIRIBO,LIRIBO_0064.jpg,None,1,0.211,[1.4037437438964844,69.0889663696289,48.94771194458008,179.07643127441406],[0.0393,0.1939,0.0743,0.1719]
LIRIBO,LIRIBO_0067.jpg,None,1,0.202,[2748.789306640625,1895.6693115234375,2789.0458984375,1937.04052734375],[4.3264,2.9943,0.0629,0.0646]
LIRIBO,LIRIBO_0073.jpg,None,1,0.296,[4245.26513671875,2349.80322265625,4303.10888671875,2403.24560546875],[6.6784,3.7133,0.0904,0.0835]
LIRIBO,LIRIBO_0073.jpg,None,1,0.258,[5490.71484375,1137.9295654296875,5534.42822265625,1172.5291748046875],[8.6134,1.8050,0.0683,0.0541]
LIRIBO,LIRIBO_0073.jpg,None,1,0.243,[2306.023681640625,348.8534240722656,2435.018798828125,423.67498779296875],[3.7039,0.6035,0.2016,0.1169]
LIRIBO,LIRIBO_0077.jpg,None,1,0.286,[1984.1773681640625,2005.0540771484375,2040.6697998046875,2052.236328125],[3.1444,3.1698,0.0883,0.0737]
LIRIBO,LIRIBO_0087.jpg,None,1,0.201,[5192.9775390625,2045.1448974609375,5290.5595703125,2149.48046875],[8.1903,3.2771,0.1525,0.1630]
LIRIBO,LIRIBO_0094.jpg,None,1,0.258,[5196.072265625,939.362060546875,5296.38916015625,1038.5723876953125],[8.1972,1.5453,0.1567,0.1550]
LIRIBO,LIRIBO_0095.jpg,None,1,0.269,[4985.3095703125,1817.1209716796875,5057.14794921875,1895.5203857421875],[7.8457,2.9005,0.1122,0.1225]
LIRIBO,LIRIBO_0103.jpg,None,1,0.264,[70.35610961914062,1126.96533203125,110.4700927734375,1163.43115234375],[0.1413,1.7894,0.0627,0.0570]
LIRIBO,LIRIBO_0103.jpg,None,1,0.236,[5554.84619140625,0.0,5600.1806640625,37.53877258300781],[8.7149,0.0293,0.0708,0.0587]
LIRIBO,LIRIBO_0103.jpg,None,1,0.202,[4219.83349609375,1581.2984619140625,4257.55126953125,1625.8619384765625],[6.6230,2.5056,0.0589,0.0696]
LIRIBO,LIRIBO_0104.jpg,None,1,0.226,[3288.271728515625,80.42247772216797,3331.12451171875,119.63765716552734],[5.1714,0.1563,0.0670,0.0613]
LIRIBO,LIRIBO_0105.jpg,None,1,0.208,[3391.4248046875,35.245086669921875,3434.93896484375,70.0035171508789],[5.3331,0.0822,0.0680,0.0543]
LIRIBO,LIRIBO_0114.jpg,None,1,0.250,[2312.171142578125,1334.0406494140625,2418.404541015625,1406.683837890625],[3.6958,2.1412,0.1660,0.1135]
LIRIBO,LIRIBO_0118.jpg,None,1,0.274,[2576.9775390625,447.4183349609375,2625.771484375,492.4546203613281],[4.0646,0.7343,0.0762,0.0704]
LIRIBO,LIRIBO_0118.jpg,None,1,0.270,[2300.127197265625,811.6739501953125,2380.101318359375,925.5580444335938],[3.6564,1.3572,0.1250,0.1779]
LIRIBO,LIRIBO_0129.jpg,None,1,0.238,[4070.00390625,1204.9212646484375,4181.61669921875,1298.8720703125],[6.4466,1.9561,0.1744,0.1468]
LIRIBO,LIRIBO_0129.jpg,None,1,0.232,[5626.177734375,110.78424072265625,5669.69287109375,171.74493408203125],[8.8249,0.2207,0.0680,0.0953]
LIRIBO,LIRIBO_0129.jpg,None,1,0.232,[3732.9140625,402.3650817871094,3838.998291015625,514.639404296875],[5.9156,0.7164,0.1658,0.1754]
LIRIBO,LIRIBO_0129.jpg,None,1,0.230,[5886.88427734375,1975.58544921875,5930.0,2101.400390625],[9.2319,3.1851,0.0674,0.1966]
LIRIBO,LIRIBO_0133.jpg,None,1,0.298,[5283.87109375,1931.3155517578125,5438.19873046875,2067.521728515625],[8.3766,3.1241,0.2411,0.2128]
LIRIBO,LIRIBO_0134.jpg,None,1,0.242,[3205.035400390625,423.7377624511719,3336.09130859375,532.362548828125],[5.1103,0.7470,0.2048,0.1697]
LIRIBO,LIRIBO_0139.jpg,None,1,0.263,[4630.98046875,1683.218017578125,4674.84716796875,1720.6243896484375],[7.2702,2.6593,0.0685,0.0584]
LIRIBO,LIRIBO_0140.jpg,None,1,0.215,[3763.29345703125,420.9991455078125,3909.552734375,580.0590209960938],[5.9944,0.7821,0.2285,0.2485]
LIRIBO,LIRIBO_0141.jpg,None,1,0.238,[1579.267333984375,944.3113403320312,1654.6290283203125,1079.8814697265625],[2.5265,1.5814,0.1178,0.2118]
LIRIBO,LIRIBO_0142.jpg,None,1,0.229,[4157.59912109375,1829.6383056640625,4254.7314453125,1959.685791015625],[6.5721,2.9604,0.1518,0.2032]
LIRIBO,LIRIBO_0143.jpg,None,1,0.261,[2545.3701171875,0.0,2588.437744140625,37.404300689697266],[4.0108,0.0292,0.0673,0.0584]
LIRIBO,LIRIBO_0144.jpg,None,1,0.288,[3495.406494140625,1630.76904296875,3576.357177734375,1787.5953369140625],[5.5248,2.6706,0.1265,0.2450]
LIRIBO,LIRIBO_0146.jpg,None,1,0.200,[5393.6611328125,2206.075927734375,5533.03759765625,2323.79931640625],[8.5365,3.5390,0.2178,0.1839]
LIRIBO,LIRIBO_0148.jpg,None,1,0.208,[5871.1484375,929.0560913085938,5907.66455078125,956.9038696289062],[9.2022,1.4734,0.0571,0.0435]
LIRIBO,LIRIBO_0150.jpg,None,1,0.201,[5773.43115234375,282.73974609375,5804.51416015625,318.0276184082031],[9.0453,0.4693,0.0486,0.0551]
LIRIBO,LIRIBO_0151.jpg,None,1,0.212,[2028.1099853515625,98.53205108642578,2087.52880859375,172.32296752929688],[3.2153,0.2116,0.0928,0.1153]
LIRIBO,LIRIBO_0154.jpg,None,1,0.214,[5855.26904296875,476.32391357421875,5903.48681640625,617.9119262695312],[9.1865,0.8549,0.0753,0.2212]
LIRIBO,LIRIBO_0157.jpg,None,1,0.261,[3378.841796875,144.8573455810547,3431.0869140625,175.3839874267578],[5.3203,0.2502,0.0816,0.0477]
LIRIBO,LIRIBO_0157.jpg,None,1,0.241,[2794.861328125,137.52093505859375,2831.47265625,164.6326904296875],[4.3956,0.2361,0.0572,0.0424]
LIRIBO,LIRIBO_0157.jpg,None,1,0.232,[5497.0546875,2385.64892578125,5555.28369140625,2433.0],[8.6346,3.7646,0.0910,0.0740]
LIRIBO,LIRIBO_0157.jpg,None,1,0.227,[376.4988098144531,54.56303405761719,440.53057861328125,167.8178253173828],[0.6383,0.1737,0.1000,0.1770]
LIRIBO,LIRIBO_0157.jpg,None,1,0.207,[2475.570556640625,122.11383819580078,2506.95458984375,151.87564086914062],[3.8926,0.2141,0.0490,0.0465]
LIRIBO,LIRIBO_0159.jpg,None,1,0.277,[4787.09619140625,1231.5714111328125,4900.62646484375,1342.653076171875],[7.5685,2.0111,0.1774,0.1736]
LIRIBO,LIRIBO_0160.jpg,None,1,0.298,[1797.9639892578125,1419.6478271484375,1911.1358642578125,1533.9384765625],[2.8977,2.3075,0.1768,0.1786]
LIRIBO,LIRIBO_0160.jpg,None,1,0.288,[1198.615966796875,1231.7412109375,1300.435546875,1365.61865234375],[1.9524,2.0292,0.1591,0.2092]
LIRIBO,LIRIBO_0160.jpg,None,1,0.283,[2531.030029296875,1652.57421875,2697.29736328125,1815.5264892578125],[4.0846,2.7095,0.2598,0.2546]
LIRIBO,LIRIBO_0160.jpg,None,1,0.277,[3435.22119140625,1142.94384765625,3477.815673828125,1196.46533203125],[5.4008,1.8277,0.0666,0.0836]
LIRIBO,LIRIBO_0160.jpg,None,1,0.212,[2511.4716796875,283.7354736328125,2557.6083984375,324.25555419921875],[3.9602,0.4750,0.0721,0.0633]
LIRIBO,LIRIBO_0160.jpg,None,1,0.208,[1969.37255859375,1474.6884765625,2094.936767578125,1598.5306396484375],[3.1752,2.4010,0.1962,0.1935]
LIRIBO,LIRIBO_0160.jpg,None,1,0.207,[4228.8134765625,2184.72021484375,4266.72119140625,2220.869384765625],[6.6371,3.4419,0.0592,0.0565]
LIRIBO,LIRIBO_0161.jpg,None,1,0.294,[604.8777465820312,1262.9056396484375,734.08056640625,1401.343505859375],[1.0461,2.0814,0.2019,0.2163]
LIRIBO,LIRIBO_0161.jpg,None,1,0.294,[2517.64794921875,1881.975830078125,2557.2158203125,1934.8206787109375],[3.9647,2.9819,0.0618,0.0826]
LIRIBO,LIRIBO_0161.jpg,None,1,0.275,[3521.655029296875,2218.25634765625,3571.169921875,2260.46875],[5.5413,3.4990,0.0774,0.0660]
LIRIBO,LIRIBO_0161.jpg,None,1,0.268,[2875.233642578125,1435.423095703125,2948.337646484375,1481.728515625],[4.5497,2.2790,0.1142,0.0724]
LIRIBO,LIRIBO_0161.jpg,None,1,0.246,[501.83807373046875,814.8882446289062,596.1106567382812,902.9170532226562],[0.8578,1.3420,0.1473,0.1375]
LIRIBO,LIRIBO_0161.jpg,None,1,0.240,[2529.857177734375,1692.448974609375,2569.2529296875,1744.2913818359375],[3.9837,2.6850,0.0616,0.0810]
LIRIBO,LIRIBO_0161.jpg,None,1,0.236,[1768.7713623046875,889.1972045898438,1808.6810302734375,945.29931640625],[2.7949,1.4332,0.0624,0.0877]
LIRIBO,LIRIBO_0161.jpg,None,1,0.233,[0.0,1471.0916748046875,145.41421508789062,1630.789794921875],[0.1136,2.4233,0.2272,0.2495]
LIRIBO,LIRIBO_0161.jpg,None,1,0.230,[835.98583984375,396.229736328125,919.10205078125,464.1956481933594],[1.3712,0.6722,0.1299,0.1062]
LIRIBO,LIRIBO_0161.jpg,None,1,0.216,[4153.13232421875,337.0694274902344,4212.45751953125,402.3645324707031],[6.5356,0.5777,0.0927,0.1020]
LIRIBO,LIRIBO_0161.jpg,None,1,0.214,[166.6543426513672,717.4150390625,297.7938232421875,790.3068237304688],[0.3629,1.1779,0.2049,0.1139]
LIRIBO,LIRIBO_0161.jpg,None,1,0.206,[1329.7227783203125,1218.83349609375,1393.7501220703125,1251.779052734375],[2.1277,1.9302,0.1000,0.0515]
LIRIBO,LIRIBO_0163.jpg,None,1,0.231,[1856.2652587890625,1682.2509765625,1914.894775390625,1719.140869140625],[2.9462,2.6573,0.0916,0.0576]
LIRIBO,LIRIBO_0176.jpg,None,1,0.258,[4277.13623046875,1392.8575439453125,4344.0400390625,1512.0162353515625],[6.7353,2.2694,0.1045,0.1862]
LIRIBO,LIRIBO_0176.jpg,None,1,0.249,[2694.95947265625,297.5350646972656,2803.03857421875,378.60821533203125],[4.2953,0.5282,0.1689,0.1267]
LIRIBO,LIRIBO_0177.jpg,None,1,0.232,[1115.1458740234375,29.561296463012695,1146.219970703125,57.15226745605469],[1.7667,0.0677,0.0486,0.0431]
LIRIBO,LIRIBO_0182.jpg,None,1,0.222,[1622.424072265625,303.36505126953125,1665.216796875,341.489013671875],[2.5685,0.5038,0.0669,0.0596]
LIRIBO,LIRIBO_0182.jpg,None,1,0.216,[215.65333557128906,4.657444953918457,261.7373352050781,40.27102279663086],[0.3730,0.0351,0.0720,0.0556]
LIRIBO,LIRIBO_0184.jpg,None,1,0.224,[3380.380126953125,369.36328125,3511.13671875,485.796142578125],[5.3840,0.6681,0.2043,0.1819]
LIRIBO,LIRIBO_0192.jpg,None,1,0.256,[5183.1494140625,1044.8497314453125,5304.568359375,1150.445556640625],[8.1935,1.7151,0.1897,0.1650]
LIRIBO,LIRIBO_0193.jpg,None,1,0.269,[2238.06640625,73.80238342285156,2329.80419921875,203.88194274902344],[3.5686,0.2169,0.1433,0.2032]
LIRIBO,LIRIBO_0194.jpg,None,1,0.274,[4041.3193359375,576.976806640625,4150.41259765625,664.3489990234375],[6.3998,0.9698,0.1705,0.1365]
LIRIBO,LIRIBO_0196.jpg,None,1,0.248,[4096.115234375,461.6038513183594,4173.93798828125,598.1118774414062],[6.4610,0.8279,0.1216,0.2133]
LIRIBO,LIRIBO_0197.jpg,None,1,0.299,[2320.054443359375,1559.0657958984375,2378.24267578125,1664.1622314453125],[3.6705,2.5181,0.0909,0.1642]
LIRIBO,LIRIBO_0197.jpg,None,1,0.243,[3346.955810546875,1404.4163818359375,3384.2353515625,1445.037353515625],[5.2587,2.2261,0.0582,0.0635]
LIRIBO,LIRIBO_0197.jpg,None,1,0.215,[1692.3658447265625,224.67437744140625,1732.51806640625,270.43780517578125],[2.6757,0.3868,0.0627,0.0715]
LIRIBO,LIRIBO_0198.jpg,None,1,0.269,[4662.72900390625,1001.73876953125,4696.00927734375,1043.1229248046875],[7.3115,1.5975,0.0520,0.0647]
LIRIBO,LIRIBO_0198.jpg,None,1,0.217,[20.262413024902344,823.2001953125,122.50679779052734,889.1815185546875],[0.1115,1.3378,0.1598,0.1031]
LIRIBO,LIRIBO_0199.jpg,None,1,0.225,[704.8077392578125,2019.53515625,741.5213623046875,2047.47216796875],[1.1299,3.1773,0.0574,0.0437]
LIRIBO,LIRIBO_0200.jpg,None,1,0.293,[4992.1259765625,471.48101806640625,5110.82177734375,575.4049072265625],[7.8929,0.8179,0.1855,0.1624]
LIRIBO,LIRIBO_0201.jpg,None,1,0.295,[2176.957763671875,1424.2099609375,2273.558349609375,1514.6241455078125],[3.4770,2.2960,0.1509,0.1413]
LIRIBO,LIRIBO_0201.jpg,None,1,0.294,[2091.110595703125,192.62586975097656,2119.216064453125,220.966064453125],[3.2893,0.3231,0.0439,0.0443]
LIRIBO,LIRIBO_0201.jpg,None,1,0.287,[2051.78564453125,1910.3646240234375,2122.63232421875,1992.01025390625],[3.2613,3.0487,0.1107,0.1276]
LIRIBO,LIRIBO_0201.jpg,None,1,0.254,[1388.2559814453125,2054.55712890625,1439.959716796875,2094.021728515625],[2.2095,3.2411,0.0808,0.0617]
LIRIBO,LIRIBO_0201.jpg,None,1,0.252,[1214.6260986328125,1240.6259765625,1272.3768310546875,1319.831787109375],[1.9430,2.0004,0.0902,0.1238]
LIRIBO,LIRIBO_0201.jpg,None,1,0.211,[1240.2288818359375,1559.4072265625,1294.7239990234375,1598.00390625],[1.9804,2.4667,0.0851,0.0603]
LIRIBO,LIRIBO_0201.jpg,None,1,0.210,[3077.224609375,1413.716552734375,3134.83984375,1451.3800048828125],[4.8532,2.2384,0.0900,0.0588]
LIRIBO,LIRIBO_0201.jpg,None,1,0.203,[2629.6416015625,1919.7674560546875,2676.23876953125,1998.9029541015625],[4.1452,3.0615,0.0728,0.1236]
LIRIBO,LIRIBO_0202.jpg,None,1,0.297,[734.158447265625,1696.1370849609375,868.3765258789062,1857.8026123046875],[1.2520,2.7765,0.2097,0.2526]
LIRIBO,LIRIBO_0202.jpg,None,1,0.297,[803.7719116210938,278.2837829589844,905.5984497070312,410.4043273925781],[1.3354,0.5380,0.1591,0.2064]
LIRIBO,LIRIBO_0202.jpg,None,1,0.295,[1927.617919921875,1192.8975830078125,2004.7601318359375,1290.4674072265625],[3.0722,1.9401,0.1205,0.1525]
LIRIBO,LIRIBO_0202.jpg,None,1,0.280,[1975.64892578125,351.3469543457031,2120.7548828125,505.31158447265625],[3.2003,0.6693,0.2267,0.2406]
LIRIBO,LIRIBO_0202.jpg,None,1,0.280,[3509.56005859375,190.21142578125,3597.17138671875,307.7980041503906],[5.5521,0.3891,0.1369,0.1837]
LIRIBO,LIRIBO_0202.jpg,None,1,0.267,[579.120361328125,2051.1728515625,661.5284423828125,2120.976318359375],[0.9693,3.2595,0.1288,0.1091]
LIRIBO,LIRIBO_0202.jpg,None,1,0.263,[2477.728271484375,2346.828369140625,2517.461669921875,2381.0205078125],[3.9025,3.6936,0.0621,0.0534]
LIRIBO,LIRIBO_0202.jpg,None,1,0.254,[2407.91015625,1188.5255126953125,2488.58935546875,1258.53662109375],[3.8254,1.9118,0.1261,0.1094]
LIRIBO,LIRIBO_0202.jpg,None,1,0.252,[2674.948486328125,957.9876098632812,2753.282470703125,1083.6005859375],[4.2408,1.5950,0.1224,0.1963]
LIRIBO,LIRIBO_0202.jpg,None,1,0.240,[3207.463623046875,659.9581909179688,3252.8603515625,696.4880981445312],[5.0471,1.0597,0.0709,0.0571]
LIRIBO,LIRIBO_0202.jpg,None,1,0.235,[3692.504638671875,57.4857063293457,3801.242919921875,174.12136840820312],[5.8545,0.1809,0.1699,0.1822]
LIRIBO,LIRIBO_0202.jpg,None,1,0.217,[4418.3505859375,703.0960083007812,4463.146484375,761.5802612304688],[6.9387,1.1443,0.0700,0.0914]
LIRIBO,LIRIBO_0202.jpg,None,1,0.209,[1334.67822265625,1619.9176025390625,1432.048828125,1710.5626220703125],[2.1615,2.6019,0.1521,0.1416]
LIRIBO,LIRIBO_0202.jpg,None,1,0.208,[2103.183837890625,788.795166015625,2147.80029296875,833.7017211914062],[3.3211,1.2676,0.0697,0.0702]
LIRIBO,LIRIBO_0202.jpg,None,1,0.205,[1976.784423828125,120.6484603881836,2015.202392578125,178.51010131835938],[3.1187,0.2337,0.0600,0.0904]
LIRIBO,LIRIBO_0203.jpg,None,1,0.249,[1750.6075439453125,1995.368896484375,1800.5162353515625,2052.596435546875],[2.7743,3.1625,0.0780,0.0894]
LIRIBO,LIRIBO_0203.jpg,None,1,0.214,[4228.6162109375,1231.677001953125,4277.8857421875,1288.95849609375],[6.6457,1.9692,0.0770,0.0895]
LIRIBO,LIRIBO_0206.jpg,None,1,0.230,[4143.3154296875,1793.172607421875,4207.32080078125,1846.9444580078125],[6.5239,2.8438,0.1000,0.0840]
LIRIBO,LIRIBO_0206.jpg,None,1,0.222,[4441.3974609375,1800.4923095703125,4475.8642578125,1838.775390625],[6.9666,2.8432,0.0539,0.0598]
LIRIBO,LIRIBO_0207.jpg,None,1,0.236,[3211.66259765625,833.8447875976562,3285.7392578125,879.103515625],[5.0761,1.3382,0.1157,0.0707]
LIRIBO,LIRIBO_0207.jpg,None,1,0.220,[2503.929443359375,776.3311767578125,2620.780029296875,840.0751953125],[4.0037,1.2628,0.1826,0.0996]
LIRIBO,LIRIBO_0207.jpg,None,1,0.218,[4882.28125,259.05389404296875,4950.49658203125,322.3135070800781],[7.6819,0.4542,0.1066,0.0988]
LIRIBO,LIRIBO_0207.jpg,None,1,0.202,[5618.4501953125,31.803218841552734,5654.4619140625,57.02962875366211],[8.8070,0.0694,0.0563,0.0394]
LIRIBO,LIRIBO_0211.jpg,None,1,0.254,[1699.5548095703125,38.891910552978516,1734.936279296875,72.07685089111328],[2.6832,0.0867,0.0553,0.0519]
LIRIBO,LIRIBO_0211.jpg,None,1,0.234,[3435.12109375,1671.8233642578125,3489.947265625,1714.51611328125],[5.4102,2.6456,0.0857,0.0667]
LIRIBO,LIRIBO_0215.jpg,None,1,0.229,[1172.203857421875,1726.15625,1305.10400390625,1797.0682373046875],[1.9354,2.7525,0.2077,0.1108]
LIRIBO,LIRIBO_0217.jpg,None,1,0.289,[3862.487548828125,1742.0394287109375,3902.23291015625,1771.6231689453125],[6.0662,2.7450,0.0621,0.0462]
LIRIBO,LIRIBO_0219.jpg,None,1,0.245,[3874.652099609375,1040.078125,3971.418701171875,1167.9793701171875],[6.1297,1.7250,0.1512,0.1998]
LIRIBO,LIRIBO_0219.jpg,None,1,0.239,[1434.348876953125,1125.29052734375,1470.0098876953125,1152.830078125],[2.2690,1.7798,0.0557,0.0430]
LIRIBO,LIRIBO_0222.jpg,None,1,0.253,[2161.286376953125,2229.41455078125,2205.8974609375,2260.315185546875],[3.4119,3.5076,0.0697,0.0483]
LIRIBO,LIRIBO_0223.jpg,None,1,0.209,[1699.1890869140625,1555.3551025390625,1798.9036865234375,1643.431640625],[2.7329,2.4991,0.1558,0.1376]
LIRIBO,LIRIBO_0224.jpg,None,1,0.245,[4614.69384765625,1693.291015625,4724.22216796875,1752.3819580078125],[7.2960,2.6919,0.1711,0.0923]
LIRIBO,LIRIBO_0225.jpg,None,1,0.278,[2519.6142578125,1119.4140625,2641.75830078125,1216.4495849609375],[4.0323,1.8249,0.1909,0.1516]
LIRIBO,LIRIBO_0229.jpg,None,1,0.244,[2685.256103515625,227.70828247070312,2796.3984375,310.2849426269531],[4.2825,0.4203,0.1737,0.1290]
LIRIBO,LIRIBO_0230.jpg,None,1,0.286,[3420.6435546875,146.7826690673828,3604.737060546875,318.4216613769531],[5.4886,0.3634,0.2876,0.2682]
LIRIBO,LIRIBO_0231.jpg,None,1,0.237,[3470.845703125,1530.4564208984375,3638.295654296875,1740.445556640625],[5.5540,2.5554,0.2616,0.3281]
LIRIBO,LIRIBO_0231.jpg,None,1,0.227,[1017.4520874023438,1173.7672119140625,1046.047119140625,1205.551025390625],[1.6121,1.8588,0.0447,0.0497]
LIRIBO,LIRIBO_0234.jpg,None,1,0.232,[2896.201904296875,203.9633331298828,2923.837158203125,229.677734375],[4.5469,0.3388,0.0432,0.0402]
LIRIBO,LIRIBO_0237.jpg,None,1,0.230,[1984.1981201171875,430.2169189453125,2119.745361328125,566.3223266601562],[3.2062,0.7785,0.2118,0.2127]
LIRIBO,LIRIBO_0239.jpg,None,1,0.238,[530.9223022460938,2085.00634765625,656.2570190429688,2220.584716796875],[0.9275,3.3637,0.1958,0.2118]
LIRIBO,LIRIBO_0240.jpg,None,1,0.273,[3575.100341796875,104.01089477539062,3659.430419921875,208.52601623535156],[5.6520,0.2442,0.1318,0.1633]
LIRIBO,LIRIBO_0240.jpg,None,1,0.257,[4700.111328125,1127.873779296875,4773.29248046875,1214.7095947265625],[7.4011,1.8301,0.1143,0.1357]
LIRIBO,LIRIBO_0240.jpg,None,1,0.257,[4626.13720703125,37.922245025634766,4709.89990234375,94.74443054199219],[7.2938,0.1036,0.1309,0.0888]
LIRIBO,LIRIBO_0240.jpg,None,1,0.256,[2387.305908203125,285.623046875,2513.76953125,391.4697570800781],[3.8290,0.5290,0.1976,0.1654]
LIRIBO,LIRIBO_0243.jpg,None,1,0.293,[53.90721893310547,2187.328125,134.80482482910156,2279.180419921875],[0.1474,3.4895,0.1264,0.1435]
LIRIBO,LIRIBO_0247.jpg,None,1,0.293,[974.4176635742188,2058.402099609375,1093.7896728515625,2127.77099609375],[1.6158,3.2704,0.1865,0.1084]
LIRIBO,LIRIBO_0247.jpg,None,1,0.241,[3646.072021484375,1121.83154296875,3753.217529296875,1206.6878662109375],[5.7807,1.8192,0.1674,0.1326]
LIRIBO,LIRIBO_0248.jpg,None,1,0.246,[2464.283203125,1848.0069580078125,2561.143798828125,1901.293212890625],[3.9261,2.9291,0.1513,0.0833]
LIRIBO,LIRIBO_0249.jpg,None,1,0.242,[2975.365966796875,404.21954345703125,3089.650390625,518.48876953125],[4.7383,0.7209,0.1786,0.1785]
LIRIBO,LIRIBO_0250.jpg,None,1,0.287,[4347.61279296875,1267.119873046875,4400.3857421875,1348.1865234375],[6.8344,2.0432,0.0825,0.1267]
LIRIBO,LIRIBO_0250.jpg,None,1,0.216,[4359.85546875,42.71696853637695,4477.3173828125,111.71314239501953],[6.9040,0.1206,0.1835,0.1078]
LIRIBO,LIRIBO_0251.jpg,None,1,0.266,[1625.326171875,134.3494415283203,1724.41796875,256.3146057128906],[2.6170,0.3052,0.1548,0.1906]
LIRIBO,LIRIBO_0251.jpg,None,1,0.231,[5511.70068359375,96.97359466552734,5556.88330078125,132.15560913085938],[8.6473,0.1790,0.0706,0.0550]
LIRIBO,LIRIBO_0252.jpg,None,1,0.269,[3600.40283203125,1126.216796875,3728.428955078125,1195.5537109375],[5.7256,1.8139,0.2000,0.1083]
LIRIBO,LIRIBO_0252.jpg,None,1,0.246,[2577.65478515625,1229.0498046875,2729.83984375,1325.0965576171875],[4.1465,1.9954,0.2378,0.1501]
LIRIBO,LIRIBO_0254.jpg,None,1,0.210,[2943.646240234375,322.5805358886719,3051.33837890625,407.3368225097656],[4.6836,0.5702,0.1683,0.1324]
LIRIBO,LIRIBO_0258.jpg,None,1,0.256,[3262.69580078125,332.04736328125,3377.8291015625,429.2122802734375],[5.1879,0.5947,0.1799,0.1518]
LIRIBO,LIRIBO_0267.jpg,None,1,0.270,[2553.671875,2054.498779296875,2642.306884765625,2168.769287109375],[4.0594,3.2994,0.1385,0.1785]
LIRIBO,LIRIBO_0267.jpg,None,1,0.260,[1986.612548828125,1276.15673828125,2056.1005859375,1390.875],[3.1584,2.0836,0.1086,0.1792]
LIRIBO,LIRIBO_0276.jpg,None,1,0.236,[3158.01904296875,52.45137023925781,3203.425048828125,107.90353393554688],[4.9699,0.1253,0.0709,0.0866]
LIRIBO,LIRIBO_0279.jpg,None,1,0.285,[4554.3291015625,1859.83642578125,4620.53125,1975.155517578125],[7.1679,2.9961,0.1034,0.1802]
LIRIBO,LIRIBO_0279.jpg,None,1,0.279,[778.2401733398438,249.47091674804688,905.7692260742188,319.0037536621094],[1.3156,0.4441,0.1993,0.1086]
LIRIBO,LIRIBO_0279.jpg,None,1,0.269,[4794.67138671875,423.4871520996094,4863.2685546875,543.081298828125],[7.5453,0.7551,0.1072,0.1869]
LIRIBO,LIRIBO_0279.jpg,None,1,0.245,[570.002197265625,1382.534423828125,681.2858276367188,1441.5833740234375],[0.9776,2.2063,0.1739,0.0923]
LIRIBO,LIRIBO_0279.jpg,None,1,0.241,[2937.339111328125,1517.9976806640625,3000.288330078125,1564.3797607421875],[4.6388,2.4081,0.0984,0.0725]
LIRIBO,LIRIBO_0281.jpg,None,1,0.256,[1818.2010498046875,840.9393920898438,1918.3897705078125,885.5181274414062],[2.9192,1.3488,0.1565,0.0697]
LIRIBO,LIRIBO_0282.jpg,None,1,0.291,[4524.576171875,1606.521728515625,4580.96826171875,1703.24169921875],[7.1137,2.5858,0.0881,0.1511]
LIRIBO,LIRIBO_0287.jpg,None,1,0.223,[5088.1611328125,1679.6221923828125,5211.392578125,1744.6307373046875],[8.0465,2.6752,0.1925,0.1016]
LIRIBO,LIRIBO_0296.jpg,None,1,0.299,[1022.2163696289062,1180.3447265625,1124.9110107421875,1285.590087890625],[1.6774,1.9265,0.1605,0.1644]
LIRIBO,LIRIBO_0299.jpg,None,1,0.291,[3083.880859375,220.18600463867188,3123.711181640625,259.0351257324219],[4.8497,0.3744,0.0622,0.0607]
LIRIBO,LIRIBO_0299.jpg,None,1,0.259,[3454.4677734375,2107.37353515625,3558.08984375,2169.171142578125],[5.4786,3.3411,0.1619,0.0966]
LIRIBO,LIRIBO_0306.jpg,None,1,0.249,[4598.15380859375,445.4032897949219,4729.89697265625,518.9891357421875],[7.2875,0.7534,0.2058,0.1150]
LIRIBO,LIRIBO_0308.jpg,None,1,0.297,[2431.1171875,1857.30419921875,2470.489013671875,1891.9635009765625],[3.8294,2.9291,0.0615,0.0542]
LIRIBO,LIRIBO_0308.jpg,None,1,0.274,[3568.246337890625,1765.2257080078125,3597.843505859375,1799.1390380859375],[5.5985,2.7847,0.0462,0.0530]
LIRIBO,LIRIBO_0308.jpg,None,1,0.205,[2323.726318359375,1121.670654296875,2360.789306640625,1153.8267822265625],[3.6598,1.7777,0.0579,0.0502]
LIRIBO,LIRIBO_0316.jpg,None,1,0.261,[3699.2724609375,877.5626220703125,3853.533447265625,972.8919067382812],[5.9006,1.4457,0.2410,0.1490]
LIRIBO,LIRIBO_0333.jpg,None,1,0.265,[2960.57373046875,1523.0819091796875,3091.819580078125,1625.7718505859375],[4.7284,2.4600,0.2051,0.1605]
LIRIBO,LIRIBO_0334.jpg,None,1,0.210,[1521.262939453125,2237.2744140625,1550.71875,2263.156982421875],[2.4000,3.5160,0.0460,0.0404]
LIRIBO,LIRIBO_0335.jpg,None,1,0.215,[2518.108642578125,718.4293212890625,2562.93798828125,756.656005859375],[3.9696,1.1524,0.0700,0.0597]
LIRIBO,LIRIBO_0336.jpg,None,1,0.216,[3474.67041015625,328.6677551269531,3593.598388671875,457.7337341308594],[5.5221,0.6144,0.1858,0.2017]
LIRIBO,LIRIBO_0339.jpg,None,1,0.295,[881.8269653320312,437.0570068359375,928.1490478515625,483.58770751953125],[1.4140,0.7193,0.0724,0.0727]
LIRIBO,LIRIBO_0339.jpg,None,1,0.217,[1288.27587890625,104.72686767578125,1334.1080322265625,165.87608337402344],[2.0487,0.2114,0.0716,0.0955]
LIRIBO,LIRIBO_0341.jpg,None,1,0.282,[4901.31396484375,940.6744384765625,5032.80810546875,1038.36328125],[7.7610,1.5461,0.2055,0.1526]
LIRIBO,LIRIBO_0344.jpg,None,1,0.264,[3585.514404296875,1707.136962890625,3688.494873046875,1836.796630859375],[5.6828,2.7687,0.1609,0.2026]
LIRIBO,LIRIBO_0348.jpg,None,1,0.280,[3912.489501953125,1634.875,4034.610107421875,1702.848876953125],[6.2087,2.6076,0.1908,0.1062]
LIRIBO,LIRIBO_0360.jpg,None,1,0.289,[753.2074584960938,345.5045166015625,790.3839721679688,393.0117492675781],[1.2059,0.5770,0.0581,0.0742]
LIRIBO,LIRIBO_0361.jpg,None,1,0.245,[2106.66357421875,2112.022705078125,2140.59521484375,2138.76123046875],[3.3182,3.3209,0.0530,0.0418]
LIRIBO,LIRIBO_0362.jpg,None,1,0.224,[4831.8037109375,2149.806640625,4922.66455078125,2207.77734375],[7.6207,3.4044,0.1420,0.0906]
LIRIBO,LIRIBO_0365.jpg,None,1,0.252,[2281.880859375,1927.4359130859375,2328.523681640625,1958.1168212890625],[3.6019,3.0356,0.0729,0.0479]
LIRIBO,LIRIBO_0367.jpg,None,1,0.201,[2317.265625,1810.183837890625,2356.40283203125,1851.6827392578125],[3.6513,2.8608,0.0612,0.0648]
LIRIBO,LIRIBO_0368.jpg,None,1,0.294,[1938.715087890625,2016.4833984375,2061.935546875,2076.145263671875],[3.1255,3.1974,0.1925,0.0932]
LIRIBO,LIRIBO_0368.jpg,None,1,0.277,[4400.5703125,547.3717651367188,4430.00146484375,579.1409301757812],[6.8989,0.8801,0.0460,0.0496]
LIRIBO,LIRIBO_0368.jpg,None,1,0.273,[4225.54931640625,1751.294189453125,4384.3056640625,1855.0537109375],[6.7264,2.8175,0.2481,0.1621]
LIRIBO,LIRIBO_0370.jpg,None,1,0.205,[704.51318359375,1298.907958984375,822.0404052734375,1415.130126953125],[1.1926,2.1203,0.1836,0.1816]
LIRIBO,LIRIBO_0370.jpg,None,1,0.205,[2895.345947265625,1207.3861083984375,2930.7060546875,1237.9190673828125],[4.5516,1.9104,0.0553,0.0477]
LIRIBO,LIRIBO_0378.jpg,None,1,0.293,[5706.70947265625,734.0131225585938,5808.775390625,843.1151123046875],[8.9965,1.2321,0.1595,0.1705]
LIRIBO,LIRIBO_0381.jpg,None,1,0.221,[2468.169189453125,2204.711181640625,2556.58251953125,2285.79296875],[3.9256,3.5082,0.1381,0.1267]
LIRIBO,LIRIBO_0383.jpg,None,1,0.294,[383.7235412597656,2208.167236328125,428.8936462402344,2248.48779296875],[0.6349,3.4818,0.0706,0.0630]
LIRIBO,LIRIBO_0383.jpg,None,1,0.261,[5172.427734375,723.6328125,5314.55908203125,843.2130126953125],[8.1930,1.2241,0.2221,0.1868]
LIRIBO,LIRIBO_0383.jpg,None,1,0.243,[1106.0302734375,578.6661987304688,1247.7314453125,657.5712280273438],[1.8389,0.9658,0.2214,0.1233]
LIRIBO,LIRIBO_0387.jpg,None,1,0.259,[3107.193603515625,854.6101684570312,3259.275146484375,931.0950317382812],[4.9738,1.3951,0.2376,0.1195]
LIRIBO,LIRIBO_0388.jpg,None,1,0.281,[903.0408935546875,1227.7542724609375,1041.50927734375,1327.165283203125],[1.5192,1.9960,0.2164,0.1553]
LIRIBO,LIRIBO_0388.jpg,None,1,0.237,[2732.322021484375,1463.2625732421875,2782.15478515625,1505.4970703125],[4.3082,2.3193,0.0779,0.0660]
LIRIBO,LIRIBO_0390.jpg,None,1,0.284,[4177.83544921875,2123.777099609375,4212.7021484375,2158.9228515625],[6.5551,3.3459,0.0545,0.0549]
LIRIBO,LIRIBO_0391.jpg,None,1,0.282,[5060.880859375,615.355224609375,5203.00048828125,688.7845458984375],[8.0187,1.0189,0.2221,0.1147]
LIRIBO,LIRIBO_0391.jpg,None,1,0.211,[3345.691650390625,1727.6055908203125,3418.483154296875,1780.64404296875],[5.2845,2.7408,0.1137,0.0829]
LIRIBO,LIRIBO_0394.jpg,None,1,0.282,[5681.76171875,601.3589477539062,5768.4853515625,691.0852661132812],[8.9455,1.0097,0.1355,0.1402]
LIRIBO,LIRIBO_0394.jpg,None,1,0.252,[4260.267578125,89.50631713867188,4347.33984375,147.47943115234375],[6.7247,0.1851,0.1361,0.0906]
LIRIBO,LIRIBO_0398.jpg,None,1,0.296,[1561.3441162109375,2145.932861328125,1647.313232421875,2219.92529296875],[2.5068,3.4108,0.1343,0.1156]
LIRIBO,LIRIBO_0402.jpg,None,1,0.267,[4921.71044921875,1710.7611083984375,5052.9873046875,1774.7716064453125],[7.7927,2.7231,0.2051,0.1000]
LIRIBO,LIRIBO_0402.jpg,None,1,0.222,[3902.34521484375,2245.8818359375,3955.240234375,2277.51611328125],[6.1387,3.5339,0.0826,0.0494]
LIRIBO,LIRIBO_0402.jpg,None,1,0.218,[778.9472045898438,1607.2125244140625,966.2982788085938,1698.9598388671875],[1.3635,2.5829,0.2927,0.1434]
LIRIBO,LIRIBO_0406.jpg,None,1,0.221,[2804.53955078125,1552.185302734375,2937.19580078125,1630.5885009765625],[4.4857,2.4865,0.2073,0.1225]
LIRIBO,LIRIBO_0406.jpg,None,1,0.210,[952.7095947265625,109.4533920288086,997.1109008789062,156.83583068847656],[1.5233,0.2080,0.0694,0.0740]
LIRIBO,LIRIBO_0408.jpg,None,1,0.276,[1686.4105224609375,239.39593505859375,1816.5455322265625,357.7220764160156],[2.7367,0.4665,0.2033,0.1849]
LIRIBO,LIRIBO_0412.jpg,None,1,0.206,[3420.1474609375,1531.5306396484375,3458.208740234375,1577.1715087890625],[5.3737,2.4287,0.0595,0.0713]
LIRIBO,LIRIBO_0414.jpg,None,1,0.234,[5793.3232421875,455.0003662109375,5841.6884765625,503.4317626953125],[9.0899,0.7488,0.0756,0.0757]
LIRIBO,LIRIBO_0417.jpg,None,1,0.242,[3839.17724609375,1213.8316650390625,3968.63037109375,1317.1219482421875],[6.0998,1.9773,0.2023,0.1614]
LIRIBO,LIRIBO_0419.jpg,None,1,0.239,[1254.8961181640625,1138.5113525390625,1296.8929443359375,1174.6934814453125],[1.9936,1.8072,0.0656,0.0565]
LIRIBO,LIRIBO_0424.jpg,None,1,0.252,[2254.353759765625,309.45684814453125,2363.3173828125,422.56182861328125],[3.6076,0.5719,0.1703,0.1767]
LIRIBO,LIRIBO_0424.jpg,None,1,0.220,[2700.052490234375,917.074462890625,2732.11376953125,947.3088989257812],[4.2439,1.4565,0.0501,0.0472]
LIRIBO,LIRIBO_0426.jpg,None,1,0.278,[5573.63671875,1824.732421875,5720.12255859375,1906.9959716796875],[8.8232,2.9154,0.2289,0.1285]
LIRIBO,LIRIBO_0427.jpg,None,1,0.254,[5199.31591796875,1962.4395751953125,5331.052734375,2080.875732421875],[8.2269,3.1588,0.2058,0.1851]
LIRIBO,LIRIBO_0428.jpg,None,1,0.264,[1206.1256103515625,685.1283569335938,1343.3509521484375,758.045166015625],[1.9918,1.1275,0.2144,0.1139]
LIRIBO,LIRIBO_0429.jpg,None,1,0.231,[5287.15478515625,173.4669952392578,5404.28271484375,262.6307067871094],[8.3527,0.3407,0.1830,0.1393]
LIRIBO,LIRIBO_0429.jpg,None,1,0.225,[4191.29638671875,626.9622192382812,4299.701171875,686.2717895507812],[6.6336,1.0260,0.1694,0.0927]
LIRIBO,LIRIBO_0435.jpg,None,1,0.219,[1514.8961181640625,1272.8311767578125,1571.7781982421875,1347.0677490234375],[2.4115,2.0468,0.0889,0.1160]
LIRIBO,LIRIBO_0436.jpg,None,1,0.206,[5492.3271484375,1139.5699462890625,5531.93994140625,1176.700439453125],[8.6127,1.8096,0.0619,0.0580]
LIRIBO,LIRIBO_0441.jpg,None,1,0.220,[2474.3740234375,1798.1895751953125,2563.49072265625,1869.79296875],[3.9358,2.8656,0.1392,0.1119]
LIRIBO,LIRIBO_0441.jpg,None,1,0.208,[2884.027587890625,2284.59228515625,2927.818359375,2331.7294921875],[4.5405,3.6065,0.0684,0.0737]
LIRIBO,LIRIBO_0443.jpg,None,1,0.221,[1895.1708984375,2285.8427734375,1926.94189453125,2314.457275390625],[2.9860,3.5940,0.0496,0.0447]
LIRIBO,LIRIBO_0445.jpg,None,1,0.297,[3497.03271484375,1680.7833251953125,3692.7412109375,1788.4058837890625],[5.6170,2.7103,0.3058,0.1682]
LIRIBO,LIRIBO_0448.jpg,None,1,0.258,[1553.076171875,1677.6279296875,1616.148193359375,1720.4052734375],[2.4760,2.6547,0.0986,0.0668]
LIRIBO,LIRIBO_0448.jpg,None,1,0.250,[1324.3834228515625,2313.390380859375,1366.91259765625,2343.72802734375],[2.1026,3.6384,0.0665,0.0474]
LIRIBO,LIRIBO_0458.jpg,None,1,0.210,[1835.3477783203125,2355.8359375,1879.8558349609375,2391.212646484375],[2.9025,3.7086,0.0695,0.0553]
LIRIBO,LIRIBO_0465.jpg,None,1,0.241,[2064.888916015625,1606.335693359375,2193.261474609375,1676.91845703125],[3.3267,2.5650,0.2006,0.1103]
LIRIBO,LIRIBO_0465.jpg,None,1,0.205,[4387.36572265625,915.5830078125,4511.61767578125,980.5928955078125],[6.9523,1.4814,0.1941,0.1016]
LIRIBO,LIRIBO_0469.jpg,None,1,0.209,[2532.3349609375,428.8368835449219,2663.625244140625,567.4238891601562],[4.0593,0.7783,0.2051,0.2165]
LIRIBO,LIRIBO_0470.jpg,None,1,0.292,[4839.7890625,1742.50927734375,4980.70166015625,1847.760986328125],[7.6723,2.8049,0.2202,0.1645]
LIRIBO,LIRIBO_0472.jpg,None,1,0.206,[4396.62939453125,1385.88232421875,4427.1416015625,1416.485595703125],[6.8936,2.1893,0.0477,0.0478]
LIRIBO,LIRIBO_0478.jpg,None,1,0.245,[4055.70751953125,957.6573486328125,4161.45947265625,1042.095703125],[6.4197,1.5623,0.1652,0.1319]
LIRIBO,LIRIBO_0479.jpg,None,1,0.270,[5225.9091796875,992.0767211914062,5311.29345703125,1075.8309326171875],[8.2322,1.6156,0.1334,0.1309]
LIRIBO,LIRIBO_0479.jpg,None,1,0.264,[4215.9189453125,384.36956787109375,4276.849609375,501.87249755859375],[6.6350,0.6924,0.0952,0.1836]
LIRIBO,LIRIBO_0479.jpg,None,1,0.243,[4007.15087890625,1909.8155517578125,4153.18310546875,2041.32275390625],[6.3753,3.0868,0.2282,0.2055]
LIRIBO,LIRIBO_0485.jpg,None,1,0.266,[196.99111938476562,1048.6656494140625,344.42523193359375,1134.59423828125],[0.4230,1.7057,0.2304,0.1343]
LIRIBO,LIRIBO_0485.jpg,None,1,0.212,[2719.57763671875,273.31964111328125,2760.039794921875,318.6014404296875],[4.2810,0.4624,0.0632,0.0708]
LIRIBO,LIRIBO_0486.jpg,None,1,0.286,[3845.24560546875,1474.713134765625,3899.9912109375,1549.0531005859375],[6.0510,2.3623,0.0855,0.1162]
LIRIBO,LIRIBO_0487.jpg,None,1,0.243,[486.7756042480469,1473.93798828125,577.8511352539062,1542.7589111328125],[0.8317,2.3568,0.1423,0.1075]
LIRIBO,LIRIBO_0492.jpg,None,1,0.219,[1851.5263671875,464.6289978027344,1920.2724609375,583.064208984375],[2.9467,0.8185,0.1074,0.1851]
LIRIBO,LIRIBO_0494.jpg,None,1,0.236,[1254.2528076171875,1626.6500244140625,1309.97265625,1682.8619384765625],[2.0033,2.5856,0.0871,0.0878]
LIRIBO,LIRIBO_0496.jpg,None,1,0.243,[3916.102294921875,2293.609619140625,3994.335693359375,2390.5166015625],[6.1800,3.6595,0.1222,0.1514]
LIRIBO,LIRIBO_0497.jpg,None,1,0.284,[1923.3477783203125,366.6706848144531,2024.2191162109375,458.7919921875],[3.0840,0.6449,0.1576,0.1439]
LIRIBO,LIRIBO_0503.jpg,None,1,0.220,[3954.094970703125,756.8989868164062,4062.607421875,868.0772705078125],[6.2630,1.2695,0.1696,0.1737]
LIRIBO,LIRIBO_0505.jpg,None,1,0.297,[364.5207824707031,1943.2510986328125,424.42669677734375,2043.884765625],[0.6164,3.1149,0.0936,0.1572]
LIRIBO,LIRIBO_0505.jpg,None,1,0.264,[4262.98876953125,924.14501953125,4342.36328125,1058.7445068359375],[6.7229,1.5491,0.1240,0.2103]
LIRIBO,LIRIBO_0506.jpg,None,1,0.224,[2133.314208984375,169.26255798339844,2176.0498046875,198.66485595703125],[3.3667,0.2874,0.0668,0.0459]
LIRIBO,LIRIBO_0507.jpg,None,1,0.282,[4244.1240234375,1198.6055908203125,4345.38916015625,1300.453369140625],[6.7106,1.9524,0.1582,0.1591]
LIRIBO,LIRIBO_0511.jpg,None,1,0.260,[2539.275390625,235.19277954101562,2569.1943359375,265.23236083984375],[3.9910,0.3910,0.0467,0.0469]
LIRIBO,LIRIBO_0511.jpg,None,1,0.202,[3595.950439453125,169.96331787109375,3628.67041015625,198.31387329101562],[5.6442,0.2877,0.0511,0.0443]
LIRIBO,LIRIBO_0512.jpg,None,1,0.254,[1174.3956298828125,2007.6397705078125,1246.9749755859375,2115.304443359375],[1.8917,3.2211,0.1134,0.1682]
LIRIBO,LIRIBO_0518.jpg,None,1,0.254,[2765.570556640625,1418.2186279296875,2798.603759765625,1442.8924560546875],[4.3470,2.2352,0.0516,0.0386]
LIRIBO,LIRIBO_0520.jpg,None,1,0.262,[928.832275390625,2283.258544921875,980.11572265625,2314.90673828125],[1.4914,3.5923,0.0801,0.0495]
LIRIBO,LIRIBO_0536.jpg,None,1,0.291,[2448.22802734375,2103.13427734375,2558.64697265625,2223.71240234375],[3.9116,3.3803,0.1725,0.1884]
LIRIBO,LIRIBO_0536.jpg,None,1,0.239,[4958.48828125,1224.8931884765625,5076.12109375,1305.34814453125],[7.8395,1.9768,0.1838,0.1257]
LIRIBO,LIRIBO_0565.jpg,None,1,0.255,[2803.5849609375,141.68309020996094,2918.126953125,278.7601013183594],[4.4701,0.3285,0.1790,0.2142]
LIRIBO,LIRIBO_0565.jpg,None,1,0.238,[1723.0391845703125,1912.312255859375,1808.484130859375,2016.1251220703125],[2.7590,3.0691,0.1335,0.1622]
LIRIBO,LIRIBO_0565.jpg,None,1,0.209,[3630.56298828125,2103.493896484375,3665.57861328125,2138.0810546875],[5.7001,3.3137,0.0547,0.0540]
LIRIBO,LIRIBO_0578.jpg,None,1,0.265,[2516.644287109375,67.59819793701172,2558.765380859375,103.5632095336914],[3.9652,0.1337,0.0658,0.0562]
LIRIBO,LIRIBO_0584.jpg,None,1,0.268,[5555.515625,377.5507507324219,5635.88232421875,486.0126953125],[8.7433,0.6747,0.1256,0.1695]
LIRIBO,LIRIBO_0590.jpg,None,1,0.229,[1323.021728515625,2296.97802734375,1380.4505615234375,2366.686767578125],[2.1121,3.6435,0.0897,0.1089]
LIRIBO,LIRIBO_0595.jpg,None,1,0.229,[1721.468505859375,831.9383544921875,1821.8470458984375,936.9235229492188],[2.7682,1.3819,0.1568,0.1640]
LIRIBO,LIRIBO_0595.jpg,None,1,0.210,[4135.9169921875,995.368408203125,4210.78271484375,1117.4876708984375],[6.5209,1.6507,0.1170,0.1908]
LIRIBO,LIRIBO_0596.jpg,None,1,0.251,[883.0115966796875,1289.2071533203125,984.614501953125,1362.6265869140625],[1.4591,2.0717,0.1588,0.1147]
LIRIBO,LIRIBO_0607.jpg,None,1,0.253,[1314.4290771484375,512.80810546875,1376.8255615234375,572.1511840820312],[2.1025,0.8476,0.0975,0.0927]
LIRIBO,LIRIBO_0607.jpg,None,1,0.230,[1606.8568115234375,1910.468505859375,1639.3349609375,1943.1466064453125],[2.5361,3.0106,0.0507,0.0511]
LIRIBO,LIRIBO_0609.jpg,None,1,0.232,[1809.1522216796875,956.6668090820312,1907.8858642578125,1013.7637329101562],[2.9039,1.5394,0.1543,0.0892]
LIRIBO,LIRIBO_0610.jpg,None,1,0.233,[1438.7362060546875,2163.09375,1553.7525634765625,2307.48779296875],[2.3379,3.4926,0.1797,0.2256]
LIRIBO,LIRIBO_0614.jpg,None,1,0.280,[4786.6318359375,1021.2129516601562,4890.296875,1151.56005859375],[7.5601,1.6975,0.1620,0.2037]
LIRIBO,LIRIBO_0615.jpg,None,1,0.274,[1336.9664306640625,357.21673583984375,1496.7391357421875,518.6727294921875],[2.2138,0.6843,0.2496,0.2523]
LIRIBO,LIRIBO_0615.jpg,None,1,0.227,[3850.365966796875,461.11871337890625,3893.33544921875,496.4842224121094],[6.0498,0.7481,0.0671,0.0553]
LIRIBO,LIRIBO_0615.jpg,None,1,0.215,[2535.702880859375,481.568359375,2633.245361328125,571.7102661132812],[4.0382,0.8229,0.1524,0.1408]
LIRIBO,LIRIBO_0617.jpg,None,1,0.297,[1674.091064453125,1969.208251953125,1767.2708740234375,2106.5849609375],[2.6886,3.1842,0.1456,0.2147]
LIRIBO,LIRIBO_0620.jpg,None,1,0.205,[1864.0570068359375,2244.07568359375,1901.9940185546875,2285.49267578125],[2.9422,3.5387,0.0593,0.0647]
LIRIBO,LIRIBO_0623.jpg,None,1,0.242,[5443.85107421875,681.4556884765625,5484.40283203125,725.0772705078125],[8.5377,1.0989,0.0634,0.0682]
LIRIBO,LIRIBO_0623.jpg,None,1,0.236,[2719.46826171875,2329.593017578125,2754.42578125,2362.577880859375],[4.2765,3.6658,0.0546,0.0515]
LIRIBO,LIRIBO_0625.jpg,None,1,0.253,[2477.0751953125,2203.948486328125,2509.05712890625,2229.5712890625],[3.8954,3.4637,0.0500,0.0400]
LIRIBO,LIRIBO_0627.jpg,None,1,0.227,[4008.100830078125,486.48345947265625,4051.8603515625,522.0882568359375],[6.2968,0.7879,0.0684,0.0556]
LIRIBO,LIRIBO_0628.jpg,None,1,0.298,[3687.068603515625,1414.6397705078125,3785.23046875,1524.950439453125],[5.8377,2.2966,0.1534,0.1724]
LIRIBO,LIRIBO_0628.jpg,None,1,0.209,[1659.2794189453125,1685.962890625,1782.6004638671875,1797.862548828125],[2.6890,2.7217,0.1927,0.1748]
LIRIBO,LIRIBO_0631.jpg,None,1,0.287,[3475.7958984375,255.510986328125,3573.186767578125,383.4337463378906],[5.5070,0.4992,0.1522,0.1999]
LIRIBO,LIRIBO_0631.jpg,None,1,0.215,[2536.776611328125,2262.267822265625,2572.83349609375,2290.791015625],[3.9919,3.5571,0.0563,0.0446]
LIRIBO,LIRIBO_0633.jpg,None,1,0.256,[4032.2666015625,1069.734130859375,4134.17236328125,1192.45458984375],[6.3800,1.7673,0.1592,0.1918]
LIRIBO,LIRIBO_0636.jpg,None,1,0.261,[1553.160888671875,733.1019287109375,1598.67822265625,775.8872680664062],[2.4624,1.1789,0.0711,0.0669]
LIRIBO,LIRIBO_0641.jpg,None,1,0.217,[5562.623046875,1473.80322265625,5645.603515625,1615.7174072265625],[8.7564,2.4137,0.1297,0.2217]
LIRIBO,LIRIBO_0644.jpg,None,1,0.214,[4202.869140625,573.3450927734375,4275.36865234375,678.7161865234375],[6.6236,0.9782,0.1133,0.1646]
LIRIBO,LIRIBO_0645.jpg,None,1,0.287,[4514.7822265625,2024.532958984375,4598.4111328125,2136.48876953125],[7.1197,3.2508,0.1307,0.1749]
LIRIBO,LIRIBO_0645.jpg,None,1,0.230,[4339.8173828125,0.0,4448.380859375,67.23477935791016],[6.8658,0.0525,0.1696,0.1051]
LIRIBO,LIRIBO_0646.jpg,None,1,0.299,[4355.22509765625,1170.04931640625,4499.330078125,1279.8917236328125],[6.9176,1.9140,0.2252,0.1716]
LIRIBO,LIRIBO_0646.jpg,None,1,0.244,[1607.0360107421875,1619.765380859375,1644.0025634765625,1648.1876220703125],[2.5399,2.5531,0.0578,0.0444]
LIRIBO,LIRIBO_0647.jpg,None,1,0.283,[4591.7255859375,152.25526428222656,4707.2919921875,217.84573364257812],[7.2649,0.2891,0.1806,0.1025]
LIRIBO,LIRIBO_0647.jpg,None,1,0.234,[2159.390869140625,596.528076171875,2232.892822265625,705.6682739257812],[3.4315,1.0173,0.1148,0.1705]
LIRIBO,LIRIBO_0652.jpg,None,1,0.237,[109.15642547607422,161.22744750976562,145.09121704101562,197.54620361328125],[0.1986,0.2803,0.0561,0.0567]
LIRIBO,LIRIBO_0653.jpg,None,1,0.272,[4291.5810546875,1483.3736572265625,4434.1201171875,1654.8753662109375],[6.8170,2.4518,0.2227,0.2680]
LIRIBO,LIRIBO_0656.jpg,None,1,0.273,[445.9474182128906,1178.66650390625,598.4949340820312,1316.2666015625],[0.8160,1.9492,0.2384,0.2150]
LIRIBO,LIRIBO_0662.jpg,None,1,0.232,[2108.01416015625,355.2514343261719,2214.5986328125,434.528564453125],[3.3770,0.6170,0.1665,0.1239]
LIRIBO,LIRIBO_0664.jpg,None,1,0.211,[1249.732666015625,1330.934814453125,1278.1878662109375,1367.585205078125],[1.9749,2.1082,0.0445,0.0573]
LIRIBO,LIRIBO_0668.jpg,None,1,0.238,[374.19024658203125,290.51385498046875,425.5994873046875,377.78436279296875],[0.6248,0.5221,0.0803,0.1364]
LIRIBO,LIRIBO_0671.jpg,None,1,0.278,[512.0255126953125,1900.1661376953125,603.19384765625,2003.9210205078125],[0.8713,3.0501,0.1425,0.1621]
LIRIBO,LIRIBO_0676.jpg,None,1,0.258,[2167.3291015625,1110.3729248046875,2201.3798828125,1137.3984375],[3.4131,1.7561,0.0532,0.0422]
LIRIBO,LIRIBO_0677.jpg,None,1,0.272,[1866.417236328125,2311.93408203125,1907.915283203125,2351.49462890625],[2.9487,3.6433,0.0648,0.0618]
TRIAVA,TRIAVA_0010.jpg,None,3,0.288,[2665.164306640625,2102.0927734375,2736.165283203125,2172.977783203125],[4.2198,3.3399,0.1109,0.1108]
TRIAVA,TRIAVA_0010.jpg,None,3,0.252,[3434.0771484375,332.2284851074219,3487.371826171875,367.03662109375],[5.4074,0.5463,0.0833,0.0544]
TRIAVA,TRIAVA_0010.jpg,None,3,0.222,[1440.6846923828125,1636.3355712890625,1505.81982421875,1672.642822265625],[2.3020,2.5851,0.1018,0.0567]
TRIAVA,TRIAVA_0010.jpg,None,3,0.212,[1056.2421875,1561.0635986328125,1091.5767822265625,1594.5152587890625],[1.6780,2.4653,0.0552,0.0523]
TRIAVA,TRIAVA_0027.jpg,None,3,0.270,[5145.50244140625,533.831787109375,5193.04638671875,564.7289428710938],[8.0770,0.8583,0.0743,0.0483]
TRIAVA,TRIAVA_0027.jpg,None,3,0.217,[5681.66748046875,1072.6121826171875,5716.11083984375,1100.1868896484375],[8.9045,1.6975,0.0538,0.0431]
TRIAVA,TRIAVA_0029.jpg,None,3,0.291,[2283.883544921875,2387.241455078125,2339.0263671875,2427.544677734375],[3.6116,3.7616,0.0862,0.0630]
TRIAVA,TRIAVA_0029.jpg,None,3,0.275,[5809.7841796875,1878.0313720703125,5843.11669921875,1919.274169921875],[9.1038,2.9666,0.0521,0.0644]
TRIAVA,TRIAVA_0029.jpg,None,3,0.216,[1729.290771484375,1337.99658203125,1789.5640869140625,1381.964599609375],[2.7491,2.1250,0.0942,0.0687]
TRIAVA,TRIAVA_0029.jpg,None,3,0.215,[2961.357421875,703.856201171875,3013.855712890625,745.77294921875],[4.6681,1.1325,0.0820,0.0655]
TRIAVA,TRIAVA_0029.jpg,None,3,0.202,[3133.70751953125,600.0685424804688,3167.533203125,641.5977783203125],[4.9228,0.9701,0.0529,0.0649]
TRIAVA,TRIAVA_0031.jpg,None,3,0.288,[3791.06787109375,849.4887084960938,3842.538330078125,879.0966186523438],[5.9638,1.3505,0.0804,0.0463]
TRIAVA,TRIAVA_0031.jpg,None,3,0.273,[4627.3955078125,1234.0308837890625,4689.5,1287.868896484375],[7.2788,1.9702,0.0970,0.0841]
TRIAVA,TRIAVA_0031.jpg,None,3,0.268,[4650.81591796875,896.2279663085938,4685.04638671875,924.7922973632812],[7.2936,1.4227,0.0535,0.0446]
TRIAVA,TRIAVA_0031.jpg,None,3,0.267,[475.30474853515625,1457.7470703125,508.8763122558594,1489.1591796875],[0.7689,2.3023,0.0525,0.0491]
TRIAVA,TRIAVA_0031.jpg,None,3,0.262,[4372.7568359375,1596.8074951171875,4408.07080078125,1634.19873046875],[6.8600,2.5242,0.0552,0.0584]
TRIAVA,TRIAVA_0031.jpg,None,3,0.256,[3691.17236328125,909.2176513671875,3732.706298828125,952.8218994140625],[5.7999,1.4547,0.0649,0.0681]
TRIAVA,TRIAVA_0031.jpg,None,3,0.241,[4301.3310546875,1415.379638671875,4366.525390625,1471.7291259765625],[6.7718,2.2556,0.1019,0.0880]
TRIAVA,TRIAVA_0034.jpg,None,3,0.291,[5263.353515625,1194.8023681640625,5310.173828125,1227.8060302734375],[8.2606,1.8927,0.0732,0.0516]
TRIAVA,TRIAVA_0034.jpg,None,3,0.231,[5337.25537109375,2152.125,5372.0419921875,2198.822998046875],[8.3666,3.3992,0.0544,0.0730]
TRIAVA,TRIAVA_0034.jpg,None,3,0.206,[5547.58349609375,69.40538787841797,5594.048828125,104.71891784667969],[8.7044,0.1360,0.0726,0.0552]
TRIAVA,TRIAVA_0035.jpg,None,3,0.284,[4166.55859375,2433.72900390625,4217.94970703125,2485.65087890625],[6.5504,3.8433,0.0803,0.0811]
TRIAVA,TRIAVA_0035.jpg,None,3,0.263,[4574.99609375,1795.97998046875,4612.03515625,1836.3604736328125],[7.1774,2.8378,0.0579,0.0631]
TRIAVA,TRIAVA_0035.jpg,None,3,0.259,[1448.5308837890625,315.9609680175781,1488.862060546875,350.5194396972656],[2.2948,0.5207,0.0630,0.0540]
TRIAVA,TRIAVA_0035.jpg,None,3,0.246,[5912.0888671875,2386.3857421875,5960.9560546875,2421.028076171875],[9.2758,3.7558,0.0764,0.0541]
TRIAVA,TRIAVA_0035.jpg,None,3,0.245,[636.78662109375,281.352294921875,664.4328002929688,318.1157531738281],[1.0166,0.4683,0.0432,0.0574]
TRIAVA,TRIAVA_0035.jpg,None,3,0.243,[4702.767578125,1793.5611572265625,4750.556640625,1847.734375],[7.3854,2.8448,0.0747,0.0846]
TRIAVA,TRIAVA_0035.jpg,None,3,0.241,[3733.526611328125,295.2534484863281,3775.1630859375,331.77783203125],[5.8662,0.4899,0.0651,0.0571]
TRIAVA,TRIAVA_0035.jpg,None,3,0.234,[5237.54052734375,259.89849853515625,5272.0703125,286.8747863769531],[8.2106,0.4272,0.0540,0.0422]
TRIAVA,TRIAVA_0035.jpg,None,3,0.208,[4712.4697265625,2210.3916015625,4754.857421875,2248.0849609375],[7.3963,3.4832,0.0662,0.0589]
TRIAVA,TRIAVA_0037.jpg,None,3,0.281,[5319.63232421875,659.6185302734375,5356.52978515625,708.7774047851562],[8.3408,1.0691,0.0577,0.0768]
TRIAVA,TRIAVA_0037.jpg,None,3,0.272,[3003.703125,1643.17724609375,3056.060302734375,1687.314453125],[4.7342,2.6019,0.0818,0.0690]
TRIAVA,TRIAVA_0037.jpg,None,3,0.270,[513.8711547851562,2225.947998046875,549.9522094726562,2253.69482421875],[0.8311,3.4997,0.0564,0.0434]
TRIAVA,TRIAVA_0037.jpg,None,3,0.237,[1992.9073486328125,2016.9493408203125,2041.9931640625,2064.48974609375],[3.1523,3.1886,0.0767,0.0743]
TRIAVA,TRIAVA_0049.jpg,None,3,0.295,[4031.068603515625,2256.331298828125,4072.982421875,2296.71044921875],[6.3313,3.5571,0.0655,0.0631]
TRIAVA,TRIAVA_0049.jpg,None,3,0.274,[5419.6298828125,1205.232421875,5466.486328125,1238.3465576171875],[8.5048,1.9090,0.0732,0.0517]
TRIAVA,TRIAVA_0049.jpg,None,3,0.270,[1693.2313232421875,597.115234375,1741.328369140625,630.33642578125],[2.6832,0.9589,0.0752,0.0519]
TRIAVA,TRIAVA_0049.jpg,None,3,0.256,[2491.624267578125,2139.36376953125,2518.173583984375,2170.739501953125],[3.9139,3.3673,0.0415,0.0490]
TRIAVA,TRIAVA_0049.jpg,None,3,0.250,[2874.548583984375,1708.9337158203125,2920.556396484375,1740.336669921875],[4.5274,2.6947,0.0719,0.0491]
TRIAVA,TRIAVA_0049.jpg,None,3,0.248,[887.922607421875,1100.9296875,948.6143798828125,1136.7742919921875],[1.4348,1.7482,0.0948,0.0560]
TRIAVA,TRIAVA_0049.jpg,None,3,0.246,[3731.966552734375,1167.8507080078125,3781.8125,1200.6861572265625],[5.8701,1.8504,0.0779,0.0513]
TRIAVA,TRIAVA_0049.jpg,None,3,0.242,[2863.0234375,412.6759338378906,2913.342041015625,472.2406311035156],[4.5128,0.6913,0.0786,0.0931]
TRIAVA,TRIAVA_0049.jpg,None,3,0.240,[4154.60302734375,573.3212280273438,4195.61083984375,629.8576049804688],[6.5236,0.9400,0.0641,0.0883]
TRIAVA,TRIAVA_0049.jpg,None,3,0.238,[5524.56787109375,2162.919921875,5566.46484375,2208.82666015625],[8.6649,3.4154,0.0655,0.0717]
TRIAVA,TRIAVA_0049.jpg,None,3,0.238,[3014.31494140625,1693.767333984375,3058.067626953125,1725.0306396484375],[4.7440,2.6709,0.0684,0.0488]
TRIAVA,TRIAVA_0049.jpg,None,3,0.236,[2950.91845703125,397.0761413574219,2992.45166015625,442.44708251953125],[4.6433,0.6559,0.0649,0.0709]
TRIAVA,TRIAVA_0049.jpg,None,3,0.229,[2957.35791015625,1754.9755859375,3003.458740234375,1792.522216796875],[4.6569,2.7715,0.0720,0.0587]
TRIAVA,TRIAVA_0049.jpg,None,3,0.226,[3951.9873046875,888.26171875,3976.96484375,925.5525512695312],[6.1945,1.4170,0.0390,0.0583]
TRIAVA,TRIAVA_0049.jpg,None,3,0.220,[2727.203125,2200.361572265625,2766.150146484375,2234.6640625],[4.2917,3.4649,0.0609,0.0536]
TRIAVA,TRIAVA_0049.jpg,None,3,0.208,[2457.4619140625,158.2058563232422,2494.703857421875,186.5223846435547],[3.8689,0.2693,0.0582,0.0442]
TRIAVA,TRIAVA_0050.jpg,None,3,0.298,[3737.985595703125,1433.939697265625,3770.45361328125,1488.4630126953125],[5.8660,2.2831,0.0507,0.0852]
TRIAVA,TRIAVA_0050.jpg,None,3,0.285,[3848.750732421875,1165.2562255859375,3877.631103515625,1210.895751953125],[6.0362,1.8564,0.0451,0.0713]
TRIAVA,TRIAVA_0050.jpg,None,3,0.284,[2737.6669921875,1861.390380859375,2777.72314453125,1890.4893798828125],[4.3089,2.9312,0.0626,0.0455]
TRIAVA,TRIAVA_0050.jpg,None,3,0.269,[2890.7197265625,758.1829833984375,2929.50390625,785.4912109375],[4.5470,1.2060,0.0606,0.0427]
TRIAVA,TRIAVA_0050.jpg,None,3,0.255,[4031.892822265625,434.49212646484375,4077.015380859375,496.2392578125],[6.3351,0.7271,0.0705,0.0965]
TRIAVA,TRIAVA_0050.jpg,None,3,0.255,[3406.635009765625,2016.94580078125,3453.393310546875,2057.082763671875],[5.3594,3.1828,0.0731,0.0627]
TRIAVA,TRIAVA_0050.jpg,None,3,0.253,[2610.920654296875,663.1477661132812,2657.85302734375,695.6100463867188],[4.1162,1.0615,0.0733,0.0507]
TRIAVA,TRIAVA_0050.jpg,None,3,0.249,[2329.641357421875,1618.1834716796875,2369.707763671875,1666.52294921875],[3.6714,2.5662,0.0626,0.0755]
TRIAVA,TRIAVA_0050.jpg,None,3,0.243,[2554.8603515625,2057.63525390625,2588.908447265625,2095.185302734375],[4.0186,3.2444,0.0532,0.0587]
TRIAVA,TRIAVA_0050.jpg,None,3,0.238,[824.833984375,1585.6944580078125,857.1619873046875,1634.60498046875],[1.3141,2.5159,0.0505,0.0764]
TRIAVA,TRIAVA_0050.jpg,None,3,0.233,[2489.47509765625,593.5811157226562,2523.14501953125,634.6334838867188],[3.9161,0.9595,0.0526,0.0641]
TRIAVA,TRIAVA_0050.jpg,None,3,0.233,[5170.2763671875,411.38092041015625,5215.033203125,448.24066162109375],[8.1135,0.6716,0.0699,0.0576]
TRIAVA,TRIAVA_0050.jpg,None,3,0.231,[1549.478515625,970.6221923828125,1576.93505859375,1012.6143188476562],[2.4425,1.5494,0.0429,0.0656]
TRIAVA,TRIAVA_0050.jpg,None,3,0.220,[2544.23046875,1238.4232177734375,2606.429443359375,1280.21728515625],[4.0240,1.9677,0.0972,0.0653]
TRIAVA,TRIAVA_0050.jpg,None,3,0.215,[2140.281005859375,1992.905517578125,2176.34716796875,2044.6834716796875],[3.3724,3.1544,0.0564,0.0809]
TRIAVA,TRIAVA_0050.jpg,None,3,0.208,[4221.7890625,597.1303100585938,4257.55029296875,644.672607421875],[6.6245,0.9702,0.0559,0.0743]
TRIAVA,TRIAVA_0051.jpg,None,3,0.289,[3007.427978515625,1681.148681640625,3041.51123046875,1720.34228515625],[4.7257,2.6574,0.0533,0.0612]
TRIAVA,TRIAVA_0051.jpg,None,3,0.270,[5233.4892578125,542.8351440429688,5279.5908203125,598.8770141601562],[8.2133,0.8920,0.0720,0.0876]
TRIAVA,TRIAVA_0051.jpg,None,3,0.262,[4154.7705078125,1843.419189453125,4203.599609375,1892.959716796875],[6.5300,2.9190,0.0763,0.0774]
TRIAVA,TRIAVA_0051.jpg,None,3,0.256,[3112.3310546875,1751.856689453125,3157.890380859375,1805.0989990234375],[4.8986,2.7789,0.0712,0.0832]
TRIAVA,TRIAVA_0051.jpg,None,3,0.241,[2217.45068359375,1225.0584716796875,2260.77392578125,1279.32421875],[3.4986,1.9565,0.0677,0.0848]
TRIAVA,TRIAVA_0051.jpg,None,3,0.216,[1285.48095703125,318.84503173828125,1321.2430419921875,367.9493713378906],[2.0365,0.5366,0.0559,0.0767]
TRIAVA,TRIAVA_0052.jpg,None,3,0.296,[2929.32373046875,704.240478515625,2972.412841796875,757.1198120117188],[4.6107,1.1417,0.0673,0.0826]
TRIAVA,TRIAVA_0052.jpg,None,3,0.296,[3907.1044921875,2017.7176513671875,3985.714599609375,2082.799072265625],[6.1663,3.2035,0.1228,0.1017]
TRIAVA,TRIAVA_0052.jpg,None,3,0.281,[5202.8720703125,2318.8916015625,5253.30517578125,2356.395263671875],[8.1689,3.6526,0.0788,0.0586]
TRIAVA,TRIAVA_0052.jpg,None,3,0.248,[4000.214599609375,2296.142822265625,4041.339599609375,2352.1611328125],[6.2825,3.6315,0.0643,0.0875]
TRIAVA,TRIAVA_0052.jpg,None,3,0.227,[1061.2352294921875,1084.7833251953125,1090.1480712890625,1123.3453369140625],[1.6808,1.7251,0.0452,0.0603]
TRIAVA,TRIAVA_0052.jpg,None,3,0.226,[3909.230224609375,148.70355224609375,3968.616455078125,177.90638732910156],[6.1546,0.2552,0.0928,0.0456]
TRIAVA,TRIAVA_0052.jpg,None,3,0.219,[3621.087890625,2329.961669921875,3662.980712890625,2363.55810546875],[5.6907,3.6668,0.0655,0.0525]
TRIAVA,TRIAVA_0052.jpg,None,3,0.215,[773.8816528320312,1095.9364013671875,817.6309814453125,1141.5684814453125],[1.2434,1.7481,0.0684,0.0713]
TRIAVA,TRIAVA_0061.jpg,None,3,0.289,[3281.125244140625,756.2129516601562,3345.12353515625,790.5569458007812],[5.1768,1.2084,0.1000,0.0537]
TRIAVA,TRIAVA_0061.jpg,None,3,0.285,[2995.478271484375,1349.708251953125,3035.66943359375,1402.7509765625],[4.7118,2.1504,0.0628,0.0829]
TRIAVA,TRIAVA_0061.jpg,None,3,0.282,[3429.361328125,2116.62109375,3462.35986328125,2161.173828125],[5.3842,3.3420,0.0516,0.0696]
TRIAVA,TRIAVA_0061.jpg,None,3,0.279,[5002.515625,2125.869384765625,5034.5546875,2157.6904296875],[7.8415,3.3465,0.0501,0.0497]
TRIAVA,TRIAVA_0061.jpg,None,3,0.274,[3191.246337890625,541.8595581054688,3257.3740234375,596.1737060546875],[5.0380,0.8891,0.1033,0.0849]
TRIAVA,TRIAVA_0061.jpg,None,3,0.266,[3637.958984375,1176.393310546875,3691.490966796875,1210.480224609375],[5.7261,1.8647,0.0836,0.0533]
TRIAVA,TRIAVA_0061.jpg,None,3,0.251,[5226.181640625,1200.734375,5277.13818359375,1229.447021484375],[8.2057,1.8986,0.0796,0.0449]
TRIAVA,TRIAVA_0061.jpg,None,3,0.245,[1385.0732421875,1355.4669189453125,1422.026123046875,1405.0318603515625],[2.1930,2.1566,0.0577,0.0774]
TRIAVA,TRIAVA_0061.jpg,None,3,0.243,[4510.97314453125,1615.64599609375,4549.890625,1653.8343505859375],[7.0788,2.5543,0.0608,0.0597]
TRIAVA,TRIAVA_0061.jpg,None,3,0.237,[4373.89501953125,47.48400115966797,4419.2919921875,83.50077819824219],[6.8697,0.1023,0.0709,0.0563]
TRIAVA,TRIAVA_0061.jpg,None,3,0.237,[956.436767578125,1838.7052001953125,991.5851440429688,1873.227294921875],[1.5219,2.8999,0.0549,0.0539]
TRIAVA,TRIAVA_0061.jpg,None,3,0.235,[2615.162353515625,691.3983154296875,2649.828369140625,717.6334838867188],[4.1133,1.1008,0.0542,0.0410]
TRIAVA,TRIAVA_0061.jpg,None,3,0.230,[1822.3975830078125,2139.290771484375,1869.4423828125,2183.857666015625],[2.8842,3.3775,0.0735,0.0696]
TRIAVA,TRIAVA_0061.jpg,None,3,0.227,[4005.23828125,1452.9827880859375,4041.1474609375,1508.9281005859375],[6.2862,2.3140,0.0561,0.0874]
TRIAVA,TRIAVA_0061.jpg,None,3,0.226,[932.9779663085938,1688.364013671875,961.8609619140625,1730.737060546875],[1.4803,2.6712,0.0451,0.0662]
TRIAVA,TRIAVA_0061.jpg,None,3,0.220,[3207.213134765625,1765.769775390625,3239.230712890625,1821.797607421875],[5.0363,2.8028,0.0500,0.0875]
TRIAVA,TRIAVA_0061.jpg,None,3,0.209,[3156.4130859375,1865.037353515625,3201.992431640625,1893.1746826171875],[4.9675,2.9361,0.0712,0.0440]
TRIAVA,TRIAVA_0061.jpg,None,3,0.206,[3763.658935546875,385.9381408691406,3802.835205078125,437.4988708496094],[5.9113,0.6433,0.0612,0.0806]
TRIAVA,TRIAVA_0061.jpg,None,3,0.205,[3031.1943359375,1198.1737060546875,3078.66650390625,1233.270751953125],[4.7733,1.8996,0.0742,0.0548]
TRIAVA,TRIAVA_0061.jpg,None,3,0.203,[3374.98828125,1415.47802734375,3434.263427734375,1446.8907470703125],[5.3197,2.2362,0.0926,0.0491]
TRIAVA,TRIAVA_0061.jpg,None,3,0.201,[3674.685302734375,1907.5389404296875,3708.661376953125,1933.16064453125],[5.7682,3.0005,0.0531,0.0400]
TRIAVA,TRIAVA_0070.jpg,None,3,0.289,[3345.837158203125,1116.1455078125,3395.7158203125,1171.0908203125],[5.2668,1.7869,0.0779,0.0859]
TRIAVA,TRIAVA_0070.jpg,None,3,0.286,[622.5369873046875,430.7157897949219,673.4849243164062,464.4796447753906],[1.0125,0.6994,0.0796,0.0528]
TRIAVA,TRIAVA_0070.jpg,None,3,0.281,[4388.1171875,505.79302978515625,4431.56787109375,535.4904174804688],[6.8904,0.8135,0.0679,0.0464]
TRIAVA,TRIAVA_0070.jpg,None,3,0.277,[3548.750244140625,0.0,3585.66162109375,33.81156539916992],[5.5738,0.0264,0.0577,0.0528]
TRIAVA,TRIAVA_0070.jpg,None,3,0.273,[4595.02734375,1707.1396484375,4640.666015625,1741.2630615234375],[7.2154,2.6941,0.0713,0.0533]
TRIAVA,TRIAVA_0070.jpg,None,3,0.240,[2186.674560546875,1012.0543823242188,2233.8828125,1052.927978515625],[3.4536,1.6133,0.0738,0.0639]
TRIAVA,TRIAVA_0070.jpg,None,3,0.220,[4760.87109375,1654.6131591796875,4794.43603515625,1705.716796875],[7.4651,2.6253,0.0524,0.0798]
TRIAVA,TRIAVA_0070.jpg,None,3,0.219,[4681.25244140625,1229.8270263671875,4733.8935546875,1259.9390869140625],[7.3556,1.9451,0.0823,0.0471]
TRIAVA,TRIAVA_0070.jpg,None,3,0.214,[2470.630615234375,818.3316040039062,2530.684326171875,853.4811401367188],[3.9073,1.3061,0.0938,0.0549]
TRIAVA,TRIAVA_0070.jpg,None,3,0.205,[2072.336181640625,2143.85888671875,2123.910400390625,2183.083251953125],[3.2783,3.3804,0.0806,0.0613]
TRIAVA,TRIAVA_0070.jpg,None,3,0.201,[5218.9619140625,230.69912719726562,5270.88623046875,266.4146728515625],[8.1952,0.3884,0.0811,0.0558]
TRIAVA,TRIAVA_0071.jpg,None,3,0.298,[3096.282470703125,372.5194091796875,3150.3974609375,422.934814453125],[4.8802,0.6214,0.0846,0.0788]
TRIAVA,TRIAVA_0071.jpg,None,3,0.267,[4419.61767578125,2219.545654296875,4453.099609375,2262.436279296875],[6.9318,3.5015,0.0523,0.0670]
TRIAVA,TRIAVA_0071.jpg,None,3,0.262,[4550.724609375,1895.0738525390625,4605.15673828125,1927.458740234375],[7.1530,2.9864,0.0851,0.0506]
TRIAVA,TRIAVA_0071.jpg,None,3,0.258,[4833.8544921875,651.47119140625,4871.58203125,683.6245727539062],[7.5824,1.0430,0.0589,0.0502]
TRIAVA,TRIAVA_0071.jpg,None,3,0.256,[1349.0570068359375,1132.5025634765625,1398.6923828125,1159.9046630859375],[2.1467,1.7909,0.0776,0.0428]
TRIAVA,TRIAVA_0071.jpg,None,3,0.251,[5366.3544921875,2153.10498046875,5419.4833984375,2185.60888671875],[8.4264,3.3896,0.0830,0.0508]
TRIAVA,TRIAVA_0071.jpg,None,3,0.239,[4179.80810546875,1486.951416015625,4218.6611328125,1520.9793701171875],[6.5613,2.3499,0.0607,0.0532]
TRIAVA,TRIAVA_0071.jpg,None,3,0.238,[4375.7822265625,2151.5576171875,4415.98291015625,2178.556640625],[6.8686,3.3829,0.0628,0.0422]
TRIAVA,TRIAVA_0071.jpg,None,3,0.237,[2535.575927734375,1728.100341796875,2577.550048828125,1757.8966064453125],[3.9946,2.7234,0.0656,0.0466]
TRIAVA,TRIAVA_0071.jpg,None,3,0.224,[1182.232421875,1386.1954345703125,1213.4771728515625,1440.306640625],[1.8716,2.2082,0.0488,0.0845]
TRIAVA,TRIAVA_0071.jpg,None,3,0.217,[3013.37890625,1624.9805908203125,3062.875732421875,1651.9718017578125],[4.7471,2.5601,0.0773,0.0422]
TRIAVA,TRIAVA_0073.jpg,None,3,0.290,[4495.578125,2306.82373046875,4539.32275390625,2338.0380859375],[7.0585,3.6288,0.0684,0.0488]
TRIAVA,TRIAVA_0073.jpg,None,3,0.288,[3294.9287109375,708.2178955078125,3361.65625,741.1011962890625],[5.2005,1.1323,0.1043,0.0514]
TRIAVA,TRIAVA_0073.jpg,None,3,0.287,[2260.3271484375,2143.698974609375,2292.947265625,2189.795654296875],[3.5572,3.3855,0.0510,0.0720]
TRIAVA,TRIAVA_0073.jpg,None,3,0.248,[4676.81640625,2097.980712890625,4712.720703125,2153.10791015625],[7.3356,3.3212,0.0561,0.0861]
TRIAVA,TRIAVA_0073.jpg,None,3,0.243,[4834.01611328125,398.8904113769531,4872.8544921875,437.761474609375],[7.5835,0.6536,0.0607,0.0607]
TRIAVA,TRIAVA_0073.jpg,None,3,0.243,[1604.9365234375,1356.7474365234375,1663.4609375,1409.046875],[2.5534,2.1608,0.0914,0.0817]
TRIAVA,TRIAVA_0073.jpg,None,3,0.226,[5384.181640625,1441.2862548828125,5432.88671875,1490.7060546875],[8.4508,2.2906,0.0761,0.0772]
TRIAVA,TRIAVA_0073.jpg,None,3,0.220,[3853.30029296875,826.8798828125,3917.55810546875,862.728271484375],[6.0710,1.3200,0.1004,0.0560]
TRIAVA,TRIAVA_0073.jpg,None,3,0.209,[1503.5660400390625,2164.490478515625,1555.9052734375,2214.177490234375],[2.3902,3.4208,0.0818,0.0776]
TRIAVA,TRIAVA_0073.jpg,None,3,0.205,[3580.435791015625,97.820556640625,3643.801025390625,137.15472412109375],[5.6439,0.1836,0.0990,0.0615]
TRIAVA,TRIAVA_0137.jpg,None,3,0.295,[2170.0107421875,2239.042724609375,2202.7939453125,2279.043701171875],[3.4163,3.5298,0.0512,0.0625]
TRIAVA,TRIAVA_0137.jpg,None,3,0.284,[4200.302734375,2045.8795166015625,4234.1904296875,2072.131103515625],[6.5894,3.2172,0.0529,0.0410]
TRIAVA,TRIAVA_0137.jpg,None,3,0.267,[1437.98828125,696.0151977539062,1469.28564453125,730.5115356445312],[2.2713,1.1145,0.0489,0.0539]
TRIAVA,TRIAVA_0137.jpg,None,3,0.264,[1932.3929443359375,146.40838623046875,1985.8109130859375,187.2592315673828],[3.0611,0.2607,0.0835,0.0638]
TRIAVA,TRIAVA_0137.jpg,None,3,0.262,[1110.6009521484375,2305.490234375,1166.39501953125,2337.089599609375],[1.7789,3.6270,0.0872,0.0494]
TRIAVA,TRIAVA_0137.jpg,None,3,0.261,[271.5607604980469,1163.779541015625,316.7686767578125,1194.0445556640625],[0.4596,1.8421,0.0706,0.0473]
TRIAVA,TRIAVA_0137.jpg,None,3,0.238,[4206.1640625,349.73077392578125,4267.34130859375,382.5244140625],[6.6199,0.5721,0.0956,0.0512]
TRIAVA,TRIAVA_0137.jpg,None,3,0.232,[2149.547607421875,1900.0423583984375,2213.981201171875,1932.68505859375],[3.4090,2.9943,0.1007,0.0510]
TRIAVA,TRIAVA_0139.jpg,None,3,0.291,[4380.80029296875,1017.8994140625,4422.2978515625,1051.0323486328125],[6.8774,1.6164,0.0648,0.0518]
TRIAVA,TRIAVA_0139.jpg,None,3,0.288,[611.4359741210938,2328.245849609375,660.0918579101562,2356.990234375],[0.9934,3.6603,0.0760,0.0449]
TRIAVA,TRIAVA_0139.jpg,None,3,0.279,[3036.726806640625,1740.9127197265625,3097.914306640625,1773.962158203125],[4.7927,2.7460,0.0956,0.0516]
TRIAVA,TRIAVA_0139.jpg,None,3,0.257,[5665.1943359375,32.73436737060547,5719.5546875,71.266357421875],[8.8943,0.0813,0.0849,0.0602]
TRIAVA,TRIAVA_0139.jpg,None,3,0.249,[3641.857666015625,2237.870849609375,3709.636474609375,2272.566650390625],[5.7434,3.5238,0.1059,0.0542]
TRIAVA,TRIAVA_0139.jpg,None,3,0.236,[3331.08251953125,35.955345153808594,3397.92626953125,95.14871215820312],[5.2570,0.1024,0.1044,0.0925]
TRIAVA,TRIAVA_0139.jpg,None,3,0.234,[4316.40771484375,1767.7423095703125,4370.3505859375,1797.617919921875],[6.7865,2.7854,0.0843,0.0467]
TRIAVA,TRIAVA_0139.jpg,None,3,0.230,[4392.40087890625,1977.9857177734375,4417.9619140625,2029.667724609375],[6.8831,3.1310,0.0399,0.0808]
TRIAVA,TRIAVA_0139.jpg,None,3,0.217,[3987.654296875,590.6219482421875,4036.67578125,626.5099487304688],[6.2690,0.9509,0.0766,0.0561]
TRIAVA,TRIAVA_0139.jpg,None,3,0.215,[4227.59326171875,2367.080322265625,4263.53076171875,2403.953125],[6.6337,3.7274,0.0562,0.0576]
TRIAVA,TRIAVA_0139.jpg,None,3,0.208,[4172.8486328125,1253.14599609375,4214.11279296875,1305.6021728515625],[6.5523,1.9990,0.0645,0.0820]
TRIAVA,TRIAVA_0139.jpg,None,3,0.208,[4615.2734375,1982.0565185546875,4665.73681640625,2013.416015625],[7.2508,3.1215,0.0788,0.0490]
TRIAVA,TRIAVA_0148.jpg,None,3,0.289,[4319.68603515625,1924.5792236328125,4366.02587890625,1975.331787109375],[6.7857,3.0468,0.0724,0.0793]
TRIAVA,TRIAVA_0148.jpg,None,3,0.277,[3334.13232421875,2024.029541015625,3369.27783203125,2055.816650390625],[5.2370,3.1874,0.0549,0.0497]
TRIAVA,TRIAVA_0148.jpg,None,3,0.272,[2433.12548828125,1157.562744140625,2477.817626953125,1201.58447265625],[3.8367,1.8431,0.0698,0.0688]
TRIAVA,TRIAVA_0148.jpg,None,3,0.262,[2779.612060546875,624.8984375,2824.40185546875,673.7951049804688],[4.3781,1.0146,0.0700,0.0764]
TRIAVA,TRIAVA_0148.jpg,None,3,0.262,[5109.95263671875,1927.8753662109375,5176.48193359375,1971.372802734375],[8.0363,3.0463,0.1040,0.0680]
TRIAVA,TRIAVA_0148.jpg,None,3,0.221,[1592.6492919921875,1449.3009033203125,1640.58984375,1500.91552734375],[2.5260,2.3049,0.0749,0.0806]
TRIAVA,TRIAVA_0148.jpg,None,3,0.212,[5614.17919921875,0.0,5668.76806640625,51.09074401855469],[8.8148,0.0399,0.0853,0.0798]
TRIAVA,TRIAVA_0148.jpg,None,3,0.210,[1767.8544921875,1139.4542236328125,1810.6824951171875,1183.2052001953125],[2.7957,1.8146,0.0669,0.0684]
TRIAVA,TRIAVA_0148.jpg,None,3,0.204,[1497.674072265625,2341.70947265625,1544.5906982421875,2381.41259765625],[2.3768,3.6899,0.0733,0.0620]
TRIAVA,TRIAVA_0148.jpg,None,3,0.203,[4171.681640625,2365.1787109375,4210.705078125,2420.900634765625],[6.5487,3.7391,0.0610,0.0871]
TRIAVA,TRIAVA_0153.jpg,None,3,0.294,[1223.8033447265625,196.83641052246094,1265.0718994140625,224.76986694335938],[1.9444,0.3294,0.0645,0.0436]
TRIAVA,TRIAVA_0153.jpg,None,3,0.220,[5273.4248046875,953.6312866210938,5316.35400390625,997.037353515625],[8.2733,1.5240,0.0671,0.0678]
TRIAVA,TRIAVA_0153.jpg,None,3,0.207,[1752.337890625,1272.5308837890625,1793.4588623046875,1310.5706787109375],[2.7702,2.0180,0.0643,0.0594]
TRIAVA,TRIAVA_0154.jpg,None,3,0.288,[5359.984375,493.20574951171875,5410.69970703125,525.7530517578125],[8.4146,0.7961,0.0792,0.0509]
TRIAVA,TRIAVA_0154.jpg,None,3,0.272,[3668.93115234375,2314.88037109375,3712.07666015625,2371.7451171875],[5.7664,3.6614,0.0674,0.0889]
TRIAVA,TRIAVA_0154.jpg,None,3,0.251,[4756.1484375,919.6130981445312,4815.79345703125,956.5497436523438],[7.4781,1.4658,0.0932,0.0577]
TRIAVA,TRIAVA_0154.jpg,None,3,0.221,[5282.92724609375,591.8370361328125,5359.89892578125,628.95068359375],[8.3147,0.9537,0.1203,0.0580]
TRIAVA,TRIAVA_0154.jpg,None,3,0.220,[1665.687744140625,471.8641357421875,1704.886962890625,512.0283203125],[2.6333,0.7687,0.0612,0.0628]
TRIAVA,TRIAVA_0154.jpg,None,3,0.206,[841.4032592773438,2010.5947265625,872.9017333984375,2050.232421875],[1.3393,3.1725,0.0492,0.0619]
TRIAVA,TRIAVA_0155.jpg,None,3,0.295,[2411.298828125,2336.746826171875,2447.344970703125,2403.4404296875],[3.7958,3.7033,0.0563,0.1042]
TRIAVA,TRIAVA_0155.jpg,None,3,0.284,[4836.72900390625,1310.58251953125,4912.728515625,1347.144775390625],[7.6168,2.0763,0.1187,0.0571]
TRIAVA,TRIAVA_0155.jpg,None,3,0.254,[4565.1083984375,1138.1800537109375,4602.732421875,1178.9130859375],[7.1624,1.8102,0.0588,0.0636]
TRIAVA,TRIAVA_0155.jpg,None,3,0.240,[4003.266357421875,2395.980712890625,4031.037841796875,2440.730712890625],[6.2768,3.7787,0.0434,0.0699]
TRIAVA,TRIAVA_0155.jpg,None,3,0.220,[3145.7265625,1361.8427734375,3175.475341796875,1391.999267578125],[4.9384,2.1514,0.0465,0.0471]
TRIAVA,TRIAVA_0155.jpg,None,3,0.218,[4442.2392578125,2391.671630859375,4472.3984375,2434.416015625],[6.9646,3.7704,0.0471,0.0668]
TRIAVA,TRIAVA_0156.jpg,None,3,0.290,[5795.88330078125,1644.367431640625,5846.7275390625,1672.5904541015625],[9.0958,2.5914,0.0794,0.0441]
TRIAVA,TRIAVA_0156.jpg,None,3,0.288,[2308.244384765625,2122.874267578125,2336.6279296875,2171.13037109375],[3.6288,3.3547,0.0443,0.0754]
TRIAVA,TRIAVA_0156.jpg,None,3,0.261,[5829.48876953125,251.61526489257812,5878.10986328125,284.5519104003906],[9.1466,0.4189,0.0760,0.0515]
TRIAVA,TRIAVA_0156.jpg,None,3,0.258,[4786.7626953125,392.9468994140625,4833.70361328125,425.8224792480469],[7.5160,0.6397,0.0733,0.0514]
TRIAVA,TRIAVA_0156.jpg,None,3,0.257,[2609.379638671875,2165.048583984375,2682.091064453125,2219.139892578125],[4.1340,3.4251,0.1136,0.0845]
TRIAVA,TRIAVA_0156.jpg,None,3,0.216,[4998.38037109375,205.72946166992188,5064.96826171875,245.2613525390625],[7.8620,0.3523,0.1040,0.0618]
TRIAVA,TRIAVA_0156.jpg,None,3,0.209,[3547.765380859375,738.3041381835938,3606.397216796875,776.1619873046875],[5.5892,1.1832,0.0916,0.0592]
TRIAVA,TRIAVA_0158.jpg,None,3,0.294,[3245.65771484375,1339.483154296875,3300.451416015625,1382.5556640625],[5.1141,2.1266,0.0856,0.0673]
TRIAVA,TRIAVA_0158.jpg,None,3,0.272,[2851.24365234375,1221.64501953125,2921.0517578125,1271.3309326171875],[4.5096,1.9476,0.1091,0.0776]
TRIAVA,TRIAVA_0158.jpg,None,3,0.264,[4917.83203125,1715.79736328125,4969.646484375,1753.8988037109375],[7.7246,2.7107,0.0810,0.0595]
TRIAVA,TRIAVA_0158.jpg,None,3,0.242,[4645.69287109375,527.2855834960938,4694.88720703125,568.468994140625],[7.2973,0.8561,0.0769,0.0643]
TRIAVA,TRIAVA_0158.jpg,None,3,0.241,[3574.489990234375,1329.261474609375,3624.043701171875,1391.9818115234375],[5.6239,2.1260,0.0774,0.0980]
TRIAVA,TRIAVA_0158.jpg,None,3,0.238,[4427.4208984375,666.0359497070312,4469.00830078125,702.9541015625],[6.9503,1.0695,0.0650,0.0577]
TRIAVA,TRIAVA_0158.jpg,None,3,0.230,[5707.328125,1113.1353759765625,5764.1435546875,1146.9503173828125],[8.9621,1.7657,0.0888,0.0528]
TRIAVA,TRIAVA_0158.jpg,None,3,0.227,[5372.09130859375,988.8665161132812,5425.9248046875,1032.2587890625],[8.4360,1.5790,0.0841,0.0678]
TRIAVA,TRIAVA_0158.jpg,None,3,0.226,[4494.08251953125,43.98283004760742,4545.34228515625,93.65316772460938],[7.0621,0.1075,0.0801,0.0776]
TRIAVA,TRIAVA_0158.jpg,None,3,0.220,[2756.744140625,1309.5823974609375,2789.780029296875,1366.4088134765625],[4.3332,2.0906,0.0516,0.0888]
TRIAVA,TRIAVA_0158.jpg,None,3,0.209,[4124.29638671875,648.6752319335938,4160.35498046875,701.7510375976562],[6.4724,1.0550,0.0563,0.0829]
TRIAVA,TRIAVA_0161.jpg,None,3,0.261,[3864.425537109375,879.9771118164062,3909.828857421875,915.380126953125],[6.0736,1.4026,0.0709,0.0553]
TRIAVA,TRIAVA_0161.jpg,None,3,0.243,[5845.58154296875,2039.0150146484375,5891.9267578125,2071.71826171875],[9.1699,3.2115,0.0724,0.0511]
TRIAVA,TRIAVA_0161.jpg,None,3,0.242,[2294.527099609375,1336.738037109375,2332.51513671875,1392.1119384765625],[3.6149,2.1319,0.0594,0.0865]
TRIAVA,TRIAVA_0161.jpg,None,3,0.230,[4359.06201171875,2001.506591796875,4411.59912109375,2056.578125],[6.8521,3.1704,0.0821,0.0860]
TRIAVA,TRIAVA_0161.jpg,None,3,0.214,[1686.166748046875,85.61267852783203,1727.1397705078125,119.42815399169922],[2.6666,0.1602,0.0640,0.0528]
TRIAVA,TRIAVA_0161.jpg,None,3,0.206,[3632.02685546875,1376.7593994140625,3675.342041015625,1451.5780029296875],[5.7089,2.2096,0.0677,0.1169]
TRIAVA,TRIAVA_0162.jpg,None,3,0.289,[4946.0185546875,1995.69873046875,4980.64599609375,2035.1915283203125],[7.7552,3.1491,0.0541,0.0617]
TRIAVA,TRIAVA_0162.jpg,None,3,0.288,[3940.075927734375,1666.2332763671875,3995.029052734375,1710.7471923828125],[6.1993,2.6383,0.0859,0.0696]
TRIAVA,TRIAVA_0162.jpg,None,3,0.274,[2025.2947998046875,2393.082275390625,2068.426025390625,2436.180419921875],[3.1982,3.7729,0.0674,0.0673]
TRIAVA,TRIAVA_0162.jpg,None,3,0.257,[4194.0771484375,1376.685791015625,4243.14013671875,1433.8245849609375],[6.5916,2.1957,0.0767,0.0893]
TRIAVA,TRIAVA_0162.jpg,None,3,0.246,[2906.221435546875,1339.1239013671875,2967.801025390625,1398.912353515625],[4.5891,2.1391,0.0962,0.0934]
TRIAVA,TRIAVA_0162.jpg,None,3,0.232,[3834.00048828125,1295.839111328125,3875.422607421875,1344.297119140625],[6.0230,2.0626,0.0647,0.0757]
TRIAVA,TRIAVA_0162.jpg,None,3,0.215,[5325.35791015625,771.0965576171875,5375.73388671875,814.2374877929688],[8.3602,1.2385,0.0787,0.0674]
TRIAVA,TRIAVA_0162.jpg,None,3,0.208,[4062.583251953125,1701.1348876953125,4101.3740234375,1727.599365234375],[6.3781,2.6787,0.0606,0.0414]
TRIAVA,TRIAVA_0168.jpg,None,3,0.287,[2792.579833984375,1355.9010009765625,2857.0146484375,1389.8724365234375],[4.4137,2.1451,0.1007,0.0531]
TRIAVA,TRIAVA_0168.jpg,None,3,0.285,[1855.90087890625,2.1236824989318848,1916.3887939453125,45.4813117980957],[2.9471,0.0372,0.0945,0.0677]
TRIAVA,TRIAVA_0168.jpg,None,3,0.282,[2404.29296875,285.81976318359375,2441.357177734375,339.1395568847656],[3.7857,0.4882,0.0579,0.0833]
TRIAVA,TRIAVA_0168.jpg,None,3,0.267,[2343.91357421875,1269.43310546875,2399.272216796875,1303.4788818359375],[3.7056,2.0101,0.0865,0.0532]
TRIAVA,TRIAVA_0168.jpg,None,3,0.263,[2347.3447265625,480.63250732421875,2389.146728515625,524.413818359375],[3.7004,0.7852,0.0653,0.0684]
TRIAVA,TRIAVA_0168.jpg,None,3,0.237,[4109.77490234375,871.62255859375,4152.88818359375,935.34033203125],[6.4552,1.4117,0.0674,0.0996]
TRIAVA,TRIAVA_0168.jpg,None,3,0.225,[2341.200439453125,682.27685546875,2395.96435546875,719.419921875],[3.7009,1.0951,0.0856,0.0580]
TRIAVA,TRIAVA_0168.jpg,None,3,0.215,[2300.827392578125,1997.9354248046875,2367.989990234375,2031.0897216796875],[3.6475,3.1477,0.1049,0.0518]
TRIAVA,TRIAVA_0170.jpg,None,3,0.290,[2352.466552734375,1280.21044921875,2398.034912109375,1325.4208984375],[3.7113,2.0356,0.0712,0.0706]
TRIAVA,TRIAVA_0170.jpg,None,3,0.259,[3799.046630859375,2244.96142578125,3834.5029296875,2299.029541015625],[5.9637,3.5500,0.0554,0.0845]
TRIAVA,TRIAVA_0170.jpg,None,3,0.254,[1803.4154052734375,2089.7451171875,1856.377197265625,2123.600341796875],[2.8592,3.2917,0.0828,0.0529]
TRIAVA,TRIAVA_0170.jpg,None,3,0.253,[3009.080810546875,2228.046630859375,3072.10400390625,2260.6044921875],[4.7509,3.5068,0.0985,0.0509]
TRIAVA,TRIAVA_0170.jpg,None,3,0.245,[4215.8525390625,1340.781982421875,4264.13916015625,1376.6776123046875],[6.6250,2.1230,0.0754,0.0561]
TRIAVA,TRIAVA_0170.jpg,None,3,0.234,[2721.08251953125,2349.34521484375,2763.51806640625,2389.06103515625],[4.2848,3.7019,0.0663,0.0621]
TRIAVA,TRIAVA_0170.jpg,None,3,0.212,[4472.2451171875,1623.0648193359375,4514.85205078125,1676.5634765625],[7.0212,2.5778,0.0666,0.0836]
TRIAVA,TRIAVA_0170.jpg,None,3,0.200,[5207.7060546875,1454.6968994140625,5271.0517578125,1497.5087890625],[8.1865,2.3064,0.0990,0.0669]
TRIAVA,TRIAVA_0176.jpg,None,3,0.298,[3642.75537109375,455.0487365722656,3689.825927734375,517.4013671875],[5.7286,0.7597,0.0735,0.0974]
TRIAVA,TRIAVA_0176.jpg,None,3,0.297,[3978.765869140625,1107.15625,4038.718994140625,1136.4439697265625],[6.2637,1.7528,0.0937,0.0458]
TRIAVA,TRIAVA_0176.jpg,None,3,0.286,[4421.00146484375,815.231201171875,4459.0771484375,874.7745361328125],[6.9376,1.3203,0.0595,0.0930]
TRIAVA,TRIAVA_0176.jpg,None,3,0.276,[2132.547607421875,192.49378967285156,2178.759521484375,234.00022888183594],[3.3682,0.3332,0.0722,0.0649]
TRIAVA,TRIAVA_0176.jpg,None,3,0.270,[719.6626586914062,1399.407470703125,768.6011962890625,1427.714111328125],[1.1627,2.2087,0.0765,0.0442]
TRIAVA,TRIAVA_0176.jpg,None,3,0.252,[1890.775634765625,393.65185546875,1944.1143798828125,431.9342956542969],[2.9960,0.6450,0.0833,0.0598]
TRIAVA,TRIAVA_0176.jpg,None,3,0.222,[3982.9365234375,1540.156494140625,4015.31201171875,1580.184814453125],[6.2486,2.4378,0.0506,0.0625]
TRIAVA,TRIAVA_0176.jpg,None,3,0.220,[3276.386474609375,120.36763000488281,3317.911865234375,160.65994262695312],[5.1518,0.2196,0.0649,0.0630]
TRIAVA,TRIAVA_0176.jpg,None,3,0.217,[657.8944702148438,2116.8505859375,699.9059448242188,2147.530517578125],[1.0608,3.3315,0.0656,0.0479]
TRIAVA,TRIAVA_0176.jpg,None,3,0.217,[4339.869140625,1920.6856689453125,4372.00927734375,1965.34033203125],[6.8062,3.0360,0.0502,0.0698]
TRIAVA,TRIAVA_0176.jpg,None,3,0.217,[3380.584716796875,2080.1259765625,3413.838134765625,2123.481689453125],[5.3081,3.2841,0.0520,0.0677]
TRIAVA,TRIAVA_0176.jpg,None,3,0.216,[2179.047607421875,454.35662841796875,2233.3935546875,515.95947265625],[3.4472,0.7581,0.0849,0.0963]
TRIAVA,TRIAVA_0176.jpg,None,3,0.203,[4440.46337890625,2122.753662109375,4480.955078125,2184.345458984375],[6.9699,3.3649,0.0633,0.0962]
TRIAVA,TRIAVA_0178.jpg,None,3,0.295,[2582.8818359375,765.5858154296875,2624.41455078125,810.8001098632812],[4.0682,1.2316,0.0649,0.0706]
TRIAVA,TRIAVA_0178.jpg,None,3,0.291,[3971.239501953125,1102.4798583984375,4012.22998046875,1130.7044677734375],[6.2371,1.7447,0.0640,0.0441]
TRIAVA,TRIAVA_0178.jpg,None,3,0.288,[3403.01513671875,1439.8148193359375,3455.445556640625,1478.1806640625],[5.3582,2.2797,0.0819,0.0599]
TRIAVA,TRIAVA_0178.jpg,None,3,0.272,[4361.64501953125,1884.0111083984375,4397.19873046875,1928.029296875],[6.8428,2.9782,0.0556,0.0688]
TRIAVA,TRIAVA_0178.jpg,None,3,0.263,[3364.587890625,579.505615234375,3408.560791015625,642.7520751953125],[5.2915,0.9549,0.0687,0.0988]
TRIAVA,TRIAVA_0178.jpg,None,3,0.256,[3322.606201171875,2031.47119140625,3388.47607421875,2070.560791015625],[5.2430,3.2047,0.1029,0.0611]
TRIAVA,TRIAVA_0178.jpg,None,3,0.248,[5897.40625,815.9677124023438,5946.27001953125,925.0575561523438],[9.2529,1.3602,0.0763,0.1705]
TRIAVA,TRIAVA_0178.jpg,None,3,0.240,[632.0006713867188,1517.056640625,690.3126220703125,1548.1983642578125],[1.0331,2.3947,0.0911,0.0487]
TRIAVA,TRIAVA_0178.jpg,None,3,0.233,[3811.473876953125,530.5156860351562,3867.94873046875,565.3128051757812],[5.9995,0.8561,0.0882,0.0544]
TRIAVA,TRIAVA_0178.jpg,None,3,0.231,[3651.580322265625,1919.8388671875,3681.7197265625,1962.7164306640625],[5.7291,3.0332,0.0471,0.0670]
TRIAVA,TRIAVA_0178.jpg,None,3,0.221,[3022.405029296875,348.2333068847656,3061.918212890625,394.6841125488281],[4.7534,0.5804,0.0617,0.0726]
TRIAVA,TRIAVA_0178.jpg,None,3,0.205,[3335.19580078125,1151.244140625,3370.58056640625,1195.271728515625],[5.2389,1.8332,0.0553,0.0688]
TRIAVA,TRIAVA_0179.jpg,None,3,0.294,[1969.0848388671875,420.0470275878906,2012.933837890625,454.6927795410156],[3.1110,0.6834,0.0685,0.0541]
TRIAVA,TRIAVA_0179.jpg,None,3,0.281,[2736.845947265625,1356.517578125,2779.52783203125,1421.8046875],[4.3097,2.1706,0.0667,0.1020]
TRIAVA,TRIAVA_0179.jpg,None,3,0.272,[5655.73388671875,2308.794189453125,5708.333984375,2348.65087890625],[8.8782,3.6386,0.0822,0.0623]
TRIAVA,TRIAVA_0179.jpg,None,3,0.271,[219.77371215820312,768.7862548828125,311.1268615722656,832.2039794921875],[0.4148,1.2508,0.1427,0.0991]
TRIAVA,TRIAVA_0179.jpg,None,3,0.242,[2331.30029296875,600.3303833007812,2372.335205078125,632.9635009765625],[3.6747,0.9635,0.0641,0.0510]
TRIAVA,TRIAVA_0179.jpg,None,3,0.236,[1001.4325561523438,1280.25341796875,1063.7928466796875,1311.287841796875],[1.6135,2.0246,0.0974,0.0485]
TRIAVA,TRIAVA_0179.jpg,None,3,0.225,[31.218364715576172,1172.60009765625,113.43037414550781,1264.6312255859375],[0.1130,1.9041,0.1285,0.1438]
TRIAVA,TRIAVA_0179.jpg,None,3,0.221,[2727.689453125,1847.659912109375,2781.41162109375,1881.2403564453125],[4.3040,2.9132,0.0839,0.0525]
TRIAVA,TRIAVA_0179.jpg,None,3,0.214,[3254.823486328125,253.8161163330078,3312.76904296875,282.88616943359375],[5.1309,0.4193,0.0905,0.0454]
TRIAVA,TRIAVA_0182.jpg,None,3,0.294,[2166.56005859375,1363.013916015625,2204.668701171875,1398.2279052734375],[3.4150,2.1572,0.0595,0.0550]
TRIAVA,TRIAVA_0182.jpg,None,3,0.293,[4781.41748046875,1088.4925537109375,4837.47607421875,1147.780029296875],[7.5148,1.7471,0.0876,0.0926]
TRIAVA,TRIAVA_0182.jpg,None,3,0.268,[371.697265625,57.034881591796875,418.5055847167969,104.8150405883789],[0.6173,0.1264,0.0731,0.0747]
TRIAVA,TRIAVA_0182.jpg,None,3,0.243,[1020.8023071289062,1172.7244873046875,1081.389892578125,1210.293701171875],[1.6423,1.8617,0.0947,0.0587]
TRIAVA,TRIAVA_0182.jpg,None,3,0.243,[678.8834228515625,741.50537109375,720.437744140625,796.7692260742188],[1.0932,1.2018,0.0649,0.0863]
TRIAVA,TRIAVA_0182.jpg,None,3,0.235,[3548.720458984375,1839.7823486328125,3587.008544921875,1893.276611328125],[5.5748,2.9165,0.0598,0.0836]
TRIAVA,TRIAVA_0182.jpg,None,3,0.235,[5472.1328125,2241.199462890625,5518.4072265625,2274.74658203125],[8.5864,3.5281,0.0723,0.0524]
TRIAVA,TRIAVA_0182.jpg,None,3,0.219,[2165.950927734375,626.4259033203125,2196.869140625,651.4754638671875],[3.4085,0.9984,0.0483,0.0391]
TRIAVA,TRIAVA_0182.jpg,None,3,0.212,[2436.205078125,544.5071411132812,2471.86572265625,613.2041015625],[3.8344,0.9045,0.0557,0.1073]
TRIAVA,TRIAVA_0182.jpg,None,3,0.209,[4960.484375,2193.380615234375,4992.19287109375,2238.535888671875],[7.7755,3.4624,0.0495,0.0706]
TRIAVA,TRIAVA_0186.jpg,None,3,0.295,[5804.6279296875,1851.86767578125,5850.50244140625,1908.5562744140625],[9.1056,2.9378,0.0717,0.0886]
TRIAVA,TRIAVA_0186.jpg,None,3,0.280,[1330.2706298828125,1182.9930419921875,1381.2432861328125,1236.849853515625],[2.1184,1.8905,0.0796,0.0842]
TRIAVA,TRIAVA_0186.jpg,None,3,0.256,[2714.018310546875,1485.239990234375,2756.843017578125,1523.2884521484375],[4.2741,2.3504,0.0669,0.0595]
TRIAVA,TRIAVA_0186.jpg,None,3,0.249,[2624.90576171875,1120.2034912109375,2661.814208984375,1162.79052734375],[4.1302,1.7836,0.0577,0.0665]
TRIAVA,TRIAVA_0186.jpg,None,3,0.235,[3100.0439453125,763.7705078125,3158.76171875,799.5849609375],[4.8897,1.2214,0.0917,0.0560]
TRIAVA,TRIAVA_0186.jpg,None,3,0.234,[2978.409912109375,1531.9327392578125,3019.11376953125,1589.0401611328125],[4.6856,2.4383,0.0636,0.0892]
TRIAVA,TRIAVA_0186.jpg,None,3,0.227,[3150.6943359375,526.7279052734375,3203.1611328125,561.181396484375],[4.9639,0.8499,0.0820,0.0538]
TRIAVA,TRIAVA_0186.jpg,None,3,0.217,[1704.1390380859375,1285.7301025390625,1739.5260009765625,1315.998291015625],[2.6904,2.0326,0.0553,0.0473]
TRIAVA,TRIAVA_0186.jpg,None,3,0.210,[1596.7857666015625,2049.744384765625,1627.719970703125,2077.058349609375],[2.5191,3.2241,0.0483,0.0427]
TRIAVA,TRIAVA_0190.jpg,None,3,0.276,[3662.310302734375,1231.03173828125,3698.97216796875,1288.064453125],[5.7510,1.9680,0.0573,0.0891]
TRIAVA,TRIAVA_0190.jpg,None,3,0.270,[3775.079833984375,1045.141357421875,3819.33349609375,1075.6378173828125],[5.9331,1.6569,0.0691,0.0477]
TRIAVA,TRIAVA_0190.jpg,None,3,0.259,[1458.4720458984375,93.1075668334961,1492.588623046875,128.61329650878906],[2.3055,0.1732,0.0533,0.0555]
TRIAVA,TRIAVA_0190.jpg,None,3,0.259,[816.0921020507812,2343.416748046875,852.7024536132812,2380.662109375],[1.3037,3.6907,0.0572,0.0582]
TRIAVA,TRIAVA_0190.jpg,None,3,0.255,[4270.5986328125,2288.482666015625,4321.48779296875,2335.730224609375],[6.7126,3.6127,0.0795,0.0738]
TRIAVA,TRIAVA_0190.jpg,None,3,0.251,[1659.051513671875,399.0928955078125,1689.318115234375,430.84832763671875],[2.6159,0.6484,0.0473,0.0496]
TRIAVA,TRIAVA_0190.jpg,None,3,0.251,[833.5692749023438,2080.225341796875,903.209228515625,2115.412109375],[1.3569,3.2778,0.1088,0.0550]
TRIAVA,TRIAVA_0190.jpg,None,3,0.248,[1208.502197265625,1385.6162109375,1274.4713134765625,1429.43896484375],[1.9398,2.1993,0.1031,0.0685]
TRIAVA,TRIAVA_0190.jpg,None,3,0.244,[3650.319091796875,1745.5916748046875,3689.020751953125,1792.31982421875],[5.7339,2.7640,0.0605,0.0730]
TRIAVA,TRIAVA_0190.jpg,None,3,0.235,[1550.890869140625,99.94730377197266,1590.6129150390625,170.34608459472656],[2.4543,0.2112,0.0621,0.1100]
TRIAVA,TRIAVA_0190.jpg,None,3,0.222,[532.57080078125,837.5595092773438,590.977783203125,873.2485961914062],[0.8778,1.3366,0.0913,0.0558]
TRIAVA,TRIAVA_0190.jpg,None,3,0.218,[3356.022705078125,1156.7568359375,3408.11865234375,1204.590576171875],[5.2845,1.8448,0.0814,0.0747]
TRIAVA,TRIAVA_0190.jpg,None,3,0.211,[1547.1163330078125,1963.496337890625,1596.8382568359375,1992.7874755859375],[2.4562,3.0908,0.0777,0.0458]
TRIAVA,TRIAVA_0190.jpg,None,3,0.206,[3012.638427734375,887.7149658203125,3066.37646484375,929.609375],[4.7492,1.4198,0.0840,0.0655]
TRIAVA,TRIAVA_0190.jpg,None,3,0.204,[373.7391052246094,1237.12646484375,412.5743103027344,1264.8770751953125],[0.6143,1.9547,0.0607,0.0434]
TRIAVA,TRIAVA_0193.jpg,None,3,0.298,[1656.935302734375,429.19793701171875,1700.0894775390625,475.57794189453125],[2.6227,0.7069,0.0674,0.0725]
TRIAVA,TRIAVA_0193.jpg,None,3,0.293,[3009.760009765625,640.916259765625,3058.962890625,695.1079711914062],[4.7412,1.0438,0.0769,0.0847]
TRIAVA,TRIAVA_0193.jpg,None,3,0.282,[2184.513671875,30.58256721496582,2247.85107421875,74.17037963867188],[3.4628,0.0818,0.0990,0.0681]
TRIAVA,TRIAVA_0193.jpg,None,3,0.276,[5449.25732421875,1104.0321044921875,5508.69580078125,1137.38818359375],[8.5609,1.7511,0.0929,0.0521]
TRIAVA,TRIAVA_0193.jpg,None,3,0.274,[5104.4677734375,105.48101806640625,5148.95654296875,138.4863739013672],[8.0105,0.1906,0.0695,0.0516]
TRIAVA,TRIAVA_0193.jpg,None,3,0.270,[2889.771240234375,461.9934997558594,2933.0703125,493.17205810546875],[4.5491,0.7462,0.0677,0.0487]
TRIAVA,TRIAVA_0193.jpg,None,3,0.260,[2852.70703125,257.34210205078125,2888.095458984375,302.7210388183594],[4.4850,0.4375,0.0553,0.0709]
TRIAVA,TRIAVA_0193.jpg,None,3,0.253,[1742.6190185546875,48.161285400390625,1781.6737060546875,91.50138092041016],[2.7534,0.1091,0.0610,0.0677]
TRIAVA,TRIAVA_0193.jpg,None,3,0.253,[1261.7265625,1254.1683349609375,1291.943359375,1285.25927734375],[1.9951,1.9839,0.0472,0.0486]
TRIAVA,TRIAVA_0193.jpg,None,3,0.233,[1573.319091796875,512.4920043945312,1613.403076171875,554.084716796875],[2.4896,0.8333,0.0626,0.0650]
TRIAVA,TRIAVA_0193.jpg,None,3,0.232,[2522.808349609375,1618.2078857421875,2551.707275390625,1660.2952880859375],[3.9645,2.5613,0.0452,0.0658]
TRIAVA,TRIAVA_0193.jpg,None,3,0.231,[1758.5267333984375,1696.391357421875,1799.6529541015625,1737.357177734375],[2.7798,2.6826,0.0643,0.0640]
TRIAVA,TRIAVA_0193.jpg,None,3,0.215,[3369.05126953125,1672.181396484375,3405.8515625,1716.11328125],[5.2929,2.6471,0.0575,0.0686]
TRIAVA,TRIAVA_0193.jpg,None,3,0.213,[4960.3125,1742.523681640625,5027.04736328125,1780.4107666015625],[7.8026,2.7523,0.1043,0.0592]
TRIAVA,TRIAVA_0193.jpg,None,3,0.212,[3144.888427734375,1020.6760864257812,3179.643310546875,1057.5191650390625],[4.9410,1.6236,0.0543,0.0576]
TRIAVA,TRIAVA_0193.jpg,None,3,0.202,[1937.747314453125,1984.177734375,1977.4700927734375,2007.6641845703125],[3.0588,3.1186,0.0621,0.0367]
TRIAVA,TRIAVA_0197.jpg,None,3,0.299,[3082.908447265625,1454.7066650390625,3123.90478515625,1501.990966796875],[4.8491,2.3099,0.0641,0.0739]
TRIAVA,TRIAVA_0197.jpg,None,3,0.296,[1698.448486328125,732.4424438476562,1733.11767578125,796.7679443359375],[2.6809,1.1947,0.0542,0.1005]
TRIAVA,TRIAVA_0197.jpg,None,3,0.289,[1655.5660400390625,2284.8623046875,1686.4351806640625,2318.733642578125],[2.6109,3.5966,0.0482,0.0529]
TRIAVA,TRIAVA_0197.jpg,None,3,0.288,[1478.98046875,1316.364013671875,1518.2667236328125,1344.4278564453125],[2.3416,2.0787,0.0614,0.0438]
TRIAVA,TRIAVA_0197.jpg,None,3,0.273,[5041.41064453125,421.8213806152344,5076.705078125,464.9768371582031],[7.9048,0.6928,0.0551,0.0674]
TRIAVA,TRIAVA_0197.jpg,None,3,0.248,[4690.8076171875,1587.686279296875,4734.35205078125,1631.5030517578125],[7.3634,2.5150,0.0680,0.0685]
TRIAVA,TRIAVA_0197.jpg,None,3,0.226,[4976.6484375,974.7360229492188,5032.35986328125,1017.468994140625],[7.8195,1.5564,0.0870,0.0668]
TRIAVA,TRIAVA_0197.jpg,None,3,0.221,[5459.96826171875,284.0218505859375,5517.47021484375,326.76641845703125],[8.5761,0.4772,0.0898,0.0668]
TRIAVA,TRIAVA_0197.jpg,None,3,0.221,[3172.9521484375,1030.8458251953125,3241.574462890625,1068.137939453125],[5.0113,1.6398,0.1072,0.0583]
TRIAVA,TRIAVA_0197.jpg,None,3,0.216,[4208.119140625,1009.2035522460938,4255.3828125,1047.55517578125],[6.6121,1.6068,0.0738,0.0599]
TRIAVA,TRIAVA_0197.jpg,None,3,0.214,[4225.94970703125,1929.5362548828125,4267.2607421875,1965.76904296875],[6.6353,3.0432,0.0645,0.0566]
TRIAVA,TRIAVA_0197.jpg,None,3,0.213,[2307.914794921875,96.24127960205078,2360.890869140625,144.91384887695312],[3.6475,0.1884,0.0828,0.0761]
TRIAVA,TRIAVA_0197.jpg,None,3,0.206,[1448.3663330078125,761.614013671875,1481.4208984375,802.188720703125],[2.2889,1.2217,0.0516,0.0634]
TRIAVA,TRIAVA_0199.jpg,None,3,0.297,[1626.113037109375,2111.466552734375,1659.196533203125,2163.8046875],[2.5666,3.3401,0.0517,0.0818]
TRIAVA,TRIAVA_0199.jpg,None,3,0.297,[3409.023681640625,737.9873657226562,3443.37451171875,780.4378662109375],[5.3534,1.1863,0.0537,0.0663]
TRIAVA,TRIAVA_0199.jpg,None,3,0.281,[2200.2626953125,1003.1341552734375,2243.583740234375,1043.725341796875],[3.4718,1.5991,0.0677,0.0634]
TRIAVA,TRIAVA_0199.jpg,None,3,0.279,[2225.606201171875,722.4945068359375,2269.375,765.5916137695312],[3.5117,1.1626,0.0684,0.0673]
TRIAVA,TRIAVA_0199.jpg,None,3,0.237,[2694.4912109375,1974.9423828125,2730.7041015625,2003.89013671875],[4.2384,3.1085,0.0566,0.0452]
TRIAVA,TRIAVA_0199.jpg,None,3,0.214,[4583.76220703125,2203.77197265625,4625.82666015625,2246.678955078125],[7.1950,3.4769,0.0657,0.0670]
TRIAVA,TRIAVA_0207.jpg,None,3,0.297,[2626.533935546875,835.7347412109375,2686.089599609375,871.4993286132812],[4.1505,1.3338,0.0931,0.0559]
TRIAVA,TRIAVA_0207.jpg,None,3,0.277,[3573.788330078125,43.95927429199219,3625.322509765625,90.79216766357422],[5.6243,0.1053,0.0805,0.0732]
TRIAVA,TRIAVA_0207.jpg,None,3,0.250,[2750.80224609375,802.9521484375,2781.167236328125,837.953857421875],[4.3219,1.2820,0.0474,0.0547]
TRIAVA,TRIAVA_0207.jpg,None,3,0.243,[4902.12890625,1011.6124877929688,4939.89208984375,1044.137939453125],[7.6891,1.6061,0.0590,0.0508]
TRIAVA,TRIAVA_0207.jpg,None,3,0.236,[3045.77685546875,49.99920654296875,3090.494140625,96.78569793701172],[4.7940,0.1147,0.0699,0.0731]
TRIAVA,TRIAVA_0207.jpg,None,3,0.221,[3426.32275390625,391.8789978027344,3488.2998046875,456.0523986816406],[5.4020,0.6624,0.0968,0.1003]
TRIAVA,TRIAVA_0207.jpg,None,3,0.208,[3125.50732421875,1344.4190673828125,3159.44189453125,1393.25927734375],[4.9101,2.1388,0.0530,0.0763]
TRIAVA,TRIAVA_0207.jpg,None,3,0.202,[3474.6064453125,2148.0263671875,3509.556884765625,2184.919677734375],[5.4564,3.3851,0.0546,0.0576]
TRIAVA,TRIAVA_0207.jpg,None,3,0.202,[1959.3861083984375,1156.391845703125,2027.706787109375,1191.2080078125],[3.1149,1.8341,0.1068,0.0544]
TRIAVA,TRIAVA_0207.jpg,None,3,0.201,[3138.39013671875,818.852783203125,3198.84228515625,855.3546142578125],[4.9510,1.3080,0.0945,0.0570]
TRIAVA,TRIAVA_0209.jpg,None,3,0.299,[2441.706298828125,44.78188705444336,2491.4697265625,91.43701934814453],[3.8540,0.1064,0.0778,0.0729]
TRIAVA,TRIAVA_0209.jpg,None,3,0.294,[5201.87744140625,2166.228759765625,5237.64111328125,2219.64404296875],[8.1559,3.4265,0.0559,0.0835]
TRIAVA,TRIAVA_0209.jpg,None,3,0.287,[3801.01513671875,1089.2281494140625,3851.387451171875,1122.450439453125],[5.9784,1.7279,0.0787,0.0519]
TRIAVA,TRIAVA_0209.jpg,None,3,0.270,[3900.32666015625,1302.399658203125,3951.6787109375,1334.4532470703125],[6.1344,2.0600,0.0802,0.0501]
TRIAVA,TRIAVA_0209.jpg,None,3,0.268,[4208.04736328125,642.6803588867188,4258.0,676.7804565429688],[6.6141,1.0308,0.0781,0.0533]
TRIAVA,TRIAVA_0209.jpg,None,3,0.260,[1550.735595703125,2016.5482177734375,1610.1986083984375,2055.481201171875],[2.4695,3.1813,0.0929,0.0608]
TRIAVA,TRIAVA_0212.jpg,None,3,0.284,[2377.818359375,224.1619873046875,2408.043701171875,256.5297546386719],[3.7390,0.3755,0.0472,0.0506]
TRIAVA,TRIAVA_0212.jpg,None,3,0.246,[5329.45703125,1101.0482177734375,5374.1494140625,1143.150146484375],[8.3622,1.7533,0.0698,0.0658]
TRIAVA,TRIAVA_0212.jpg,None,3,0.245,[1793.409912109375,1810.6741943359375,1840.8612060546875,1842.95556640625],[2.8393,2.8544,0.0741,0.0504]
TRIAVA,TRIAVA_0212.jpg,None,3,0.225,[4532.080078125,1271.9730224609375,4602.3974609375,1309.736083984375],[7.1363,2.0170,0.1099,0.0590]
TRIAVA,TRIAVA_0212.jpg,None,3,0.218,[4695.62255859375,862.3723754882812,4732.3525390625,894.83349609375],[7.3656,1.3728,0.0574,0.0507]
TRIAVA,TRIAVA_0212.jpg,None,3,0.201,[3404.007568359375,1400.3245849609375,3586.599609375,1541.0103759765625],[5.4614,2.2979,0.2853,0.2198]
TRIAVA,TRIAVA_0214.jpg,None,3,0.261,[1696.21826171875,2168.00048828125,1751.33154296875,2205.65966796875],[2.6934,3.4169,0.0861,0.0588]
TRIAVA,TRIAVA_0214.jpg,None,3,0.247,[2671.3955078125,643.2305908203125,2712.72802734375,703.3976440429688],[4.2063,1.0521,0.0646,0.0940]
TRIAVA,TRIAVA_0214.jpg,None,3,0.233,[4758.2744140625,686.3278198242188,4785.216796875,720.1647338867188],[7.4559,1.0988,0.0421,0.0529]
TRIAVA,TRIAVA_0214.jpg,None,3,0.226,[4547.623046875,0.0,4607.14599609375,38.04111099243164],[7.1522,0.0297,0.0930,0.0594]
TRIAVA,TRIAVA_0214.jpg,None,3,0.210,[5104.2509765625,912.3164672851562,5154.904296875,948.5056762695312],[8.0150,1.4538,0.0791,0.0565]
TRIAVA,TRIAVA_0214.jpg,None,3,0.202,[1147.46630859375,639.7681274414062,1205.56494140625,671.4467163085938],[1.8383,1.0244,0.0908,0.0495]
TRIAVA,TRIAVA_0214.jpg,None,3,0.202,[2318.014404296875,354.77203369140625,2376.809814453125,403.1922912597656],[3.6678,0.5922,0.0919,0.0757]
TRIAVA,TRIAVA_0215.jpg,None,3,0.287,[2736.469482421875,841.677490234375,2767.5263671875,892.0328979492188],[4.3000,1.3545,0.0485,0.0787]
TRIAVA,TRIAVA_0215.jpg,None,3,0.232,[5180.30322265625,1400.3341064453125,5211.0947265625,1457.495361328125],[8.1183,2.2327,0.0481,0.0893]
TRIAVA,TRIAVA_0215.jpg,None,3,0.226,[3800.973876953125,740.9638671875,3837.43017578125,793.6312866210938],[5.9675,1.1989,0.0570,0.0823]
TRIAVA,TRIAVA_0215.jpg,None,3,0.225,[4376.96044921875,1900.8726806640625,4437.86474609375,1935.93359375],[6.8866,2.9975,0.0952,0.0548]
TRIAVA,TRIAVA_0215.jpg,None,3,0.211,[4880.16552734375,1470.8546142578125,4928.52099609375,1509.3353271484375],[7.6630,2.3283,0.0756,0.0601]
TRIAVA,TRIAVA_0217.jpg,None,3,0.299,[4457.07958984375,411.1742248535156,4512.43017578125,444.4264221191406],[7.0074,0.6684,0.0865,0.0520]
TRIAVA,TRIAVA_0217.jpg,None,3,0.274,[5561.9033203125,1289.4541015625,5600.912109375,1324.5205078125],[8.7209,2.0422,0.0610,0.0548]
TRIAVA,TRIAVA_0217.jpg,None,3,0.258,[2727.130859375,345.6592102050781,2767.458984375,405.4130554199219],[4.2926,0.5868,0.0630,0.0934]
TRIAVA,TRIAVA_0217.jpg,None,3,0.231,[3779.705322265625,1449.964111328125,3828.066162109375,1485.5418701171875],[5.9436,2.2934,0.0756,0.0556]
TRIAVA,TRIAVA_0217.jpg,None,3,0.222,[3580.704833984375,493.0001220703125,3629.013427734375,541.212646484375],[5.6326,0.8080,0.0755,0.0753]
TRIAVA,TRIAVA_0217.jpg,None,3,0.220,[5533.2373046875,219.0109100341797,5567.08154296875,248.27064514160156],[8.6721,0.3651,0.0529,0.0457]
TRIAVA,TRIAVA_0217.jpg,None,3,0.213,[4058.62646484375,1813.85693359375,4095.71484375,1848.782958984375],[6.3706,2.8614,0.0580,0.0546]
TRIAVA,TRIAVA_0220.jpg,None,3,0.297,[4802.8203125,646.499755859375,4831.44287109375,674.8111572265625],[7.5268,1.0323,0.0447,0.0442]
TRIAVA,TRIAVA_0220.jpg,None,3,0.281,[1894.2669677734375,19.057485580444336,1932.3045654296875,72.59050750732422],[2.9895,0.0716,0.0594,0.0836]
TRIAVA,TRIAVA_0220.jpg,None,3,0.264,[3629.222412109375,1130.40478515625,3671.659912109375,1178.7559814453125],[5.7038,1.8040,0.0663,0.0755]
TRIAVA,TRIAVA_0220.jpg,None,3,0.264,[1945.127197265625,496.564453125,1991.9169921875,524.6836547851562],[3.0758,0.7979,0.0731,0.0439]
TRIAVA,TRIAVA_0220.jpg,None,3,0.249,[3698.044921875,275.29364013671875,3738.5869140625,309.30419921875],[5.8099,0.4567,0.0633,0.0531]
TRIAVA,TRIAVA_0220.jpg,None,3,0.244,[3846.7841796875,1532.064208984375,3924.326416015625,1568.7252197265625],[6.0712,2.4225,0.1212,0.0573]
TRIAVA,TRIAVA_0220.jpg,None,3,0.239,[2192.856201171875,801.7705688476562,2243.21240234375,836.6915893554688],[3.4657,1.2800,0.0787,0.0546]
TRIAVA,TRIAVA_0220.jpg,None,3,0.224,[2425.6142578125,205.8232879638672,2474.621826171875,243.20046997070312],[3.8283,0.3508,0.0766,0.0584]
TRIAVA,TRIAVA_0220.jpg,None,3,0.218,[2852.84423828125,2208.240966796875,2887.0654296875,2267.775390625],[4.4843,3.4969,0.0535,0.0930]
TRIAVA,TRIAVA_0229.jpg,None,3,0.262,[1994.5316162109375,2287.674072265625,2036.62060546875,2321.99267578125],[3.1493,3.6013,0.0658,0.0536]
TRIAVA,TRIAVA_0229.jpg,None,3,0.243,[4497.662109375,1519.51806640625,4532.0908203125,1544.763916015625],[7.0545,2.3940,0.0538,0.0394]
TRIAVA,TRIAVA_0229.jpg,None,3,0.206,[3600.18603515625,1377.2156982421875,3638.92138671875,1408.5262451171875],[5.6556,2.1764,0.0605,0.0489]
TRIAVA,TRIAVA_0231.jpg,None,3,0.282,[3330.984375,299.98822021484375,3366.55126953125,343.974853515625],[5.2324,0.5031,0.0556,0.0687]
TRIAVA,TRIAVA_0231.jpg,None,3,0.268,[4358.61328125,2271.531005859375,4399.28466796875,2304.3564453125],[6.8421,3.5749,0.0635,0.0513]
TRIAVA,TRIAVA_0231.jpg,None,3,0.215,[2206.21630859375,1445.2052001953125,2273.03076171875,1483.6363525390625],[3.4994,2.2882,0.1044,0.0600]
TRIAVA,TRIAVA_0231.jpg,None,3,0.212,[4589.1083984375,1228.6259765625,4625.87890625,1257.7674560546875],[7.1992,1.9425,0.0575,0.0455]
TRIAVA,TRIAVA_0234.jpg,None,3,0.294,[3204.870361328125,2436.666259765625,3237.97705078125,2470.740234375],[5.0335,3.8339,0.0517,0.0532]
TRIAVA,TRIAVA_0234.jpg,None,3,0.292,[3452.962890625,742.3841552734375,3489.054931640625,780.709716796875],[5.4235,1.1899,0.0564,0.0599]
TRIAVA,TRIAVA_0234.jpg,None,3,0.285,[3106.137939453125,1467.088623046875,3138.596923828125,1502.6513671875],[4.8787,2.3201,0.0507,0.0556]
TRIAVA,TRIAVA_0234.jpg,None,3,0.275,[3037.4267578125,1779.62451171875,3101.994384765625,1820.8199462890625],[4.7964,2.8128,0.1009,0.0644]
TRIAVA,TRIAVA_0234.jpg,None,3,0.267,[2229.857421875,1059.470458984375,2265.167724609375,1091.0152587890625],[3.5117,1.6801,0.0552,0.0493]
TRIAVA,TRIAVA_0234.jpg,None,3,0.261,[4842.759765625,2093.772705078125,4879.84326171875,2132.288330078125],[7.5958,3.3016,0.0579,0.0602]
TRIAVA,TRIAVA_0234.jpg,None,3,0.259,[3442.880126953125,571.4552001953125,3477.568359375,602.738037109375],[5.4066,0.9173,0.0542,0.0489]
TRIAVA,TRIAVA_0234.jpg,None,3,0.258,[3568.435791015625,369.72186279296875,3608.1611328125,425.6235656738281],[5.6067,0.6214,0.0621,0.0873]
TRIAVA,TRIAVA_0234.jpg,None,3,0.242,[2216.17041015625,2025.919677734375,2249.249267578125,2066.40966796875],[3.4886,3.1971,0.0517,0.0633]
TRIAVA,TRIAVA_0234.jpg,None,3,0.234,[4854.70849609375,1071.675537109375,4906.169921875,1099.40625],[7.6257,1.6962,0.0804,0.0433]
TRIAVA,TRIAVA_0234.jpg,None,3,0.230,[4344.4912109375,1851.429931640625,4379.46337890625,1887.564453125],[6.8156,2.9211,0.0546,0.0565]
TRIAVA,TRIAVA_0234.jpg,None,3,0.218,[4039.28125,1601.42236328125,4073.027587890625,1639.2298583984375],[6.3377,2.5318,0.0527,0.0591]
TRIAVA,TRIAVA_0234.jpg,None,3,0.213,[5369.955078125,1612.5697021484375,5408.17431640625,1642.80078125],[8.4204,2.5433,0.0597,0.0472]
TRIAVA,TRIAVA_0234.jpg,None,3,0.212,[5449.017578125,59.6213264465332,5498.7041015625,98.49190521240234],[8.5529,0.1235,0.0776,0.0607]
TRIAVA,TRIAVA_0234.jpg,None,3,0.212,[1874.4205322265625,1431.553955078125,1909.3714599609375,1466.393798828125],[2.9561,2.2640,0.0546,0.0544]
TRIAVA,TRIAVA_0234.jpg,None,3,0.206,[4641.1953125,87.1934814453125,4685.9267578125,135.0216522216797],[7.2868,0.1736,0.0699,0.0747]
TRIAVA,TRIAVA_0238.jpg,None,3,0.299,[5695.529296875,1622.81689453125,5733.02001953125,1654.0496826171875],[8.9286,2.5601,0.0586,0.0488]
TRIAVA,TRIAVA_0238.jpg,None,3,0.298,[2638.05859375,848.5721435546875,2677.703857421875,898.5697021484375],[4.1529,1.3650,0.0619,0.0781]
TRIAVA,TRIAVA_0238.jpg,None,3,0.295,[4664.02294921875,336.3230285644531,4704.37158203125,408.09173583984375],[7.3191,0.5816,0.0630,0.1121]
TRIAVA,TRIAVA_0238.jpg,None,3,0.277,[2242.3818359375,811.5894775390625,2285.20751953125,844.1400146484375],[3.5372,1.2935,0.0669,0.0509]
TRIAVA,TRIAVA_0238.jpg,None,3,0.253,[1372.8931884765625,1154.8702392578125,1443.26953125,1189.2196044921875],[2.2001,1.8313,0.1100,0.0537]
TRIAVA,TRIAVA_0238.jpg,None,3,0.234,[4978.9052734375,1609.8641357421875,5015.833984375,1663.3701171875],[7.8084,2.5572,0.0577,0.0836]
TRIAVA,TRIAVA_0238.jpg,None,3,0.217,[4223.0693359375,521.9829711914062,4265.73583984375,551.3060913085938],[6.6319,0.8385,0.0667,0.0458]
TRIAVA,TRIAVA_0245.jpg,None,3,0.231,[4133.55419921875,843.005615234375,4185.18896484375,884.6359252929688],[6.4990,1.3497,0.0807,0.0650]
TRIAVA,TRIAVA_0245.jpg,None,3,0.207,[3304.115234375,2331.23046875,3331.904296875,2359.424072265625],[5.1844,3.6646,0.0434,0.0441]
TRIAVA,TRIAVA_0251.jpg,None,3,0.278,[5293.44580078125,2237.662841796875,5348.2666015625,2290.273193359375],[8.3138,3.5375,0.0857,0.0822]
TRIAVA,TRIAVA_0251.jpg,None,3,0.270,[4909.80810546875,547.2960205078125,4945.11669921875,585.8223876953125],[7.6992,0.8852,0.0552,0.0602]
TRIAVA,TRIAVA_0251.jpg,None,3,0.265,[3511.43310546875,1902.0478515625,3557.613525390625,1936.0233154296875],[5.5227,2.9985,0.0722,0.0531]
TRIAVA,TRIAVA_0251.jpg,None,3,0.253,[949.9047241210938,550.991455078125,991.9950561523438,591.4486083984375],[1.5171,0.8925,0.0658,0.0632]
TRIAVA,TRIAVA_0251.jpg,None,3,0.229,[3399.337646484375,679.840087890625,3440.829345703125,710.3646850585938],[5.3439,1.0861,0.0648,0.0477]
TRIAVA,TRIAVA_0251.jpg,None,3,0.219,[3468.53173828125,1771.9107666015625,3509.157958984375,1805.382080078125],[5.4513,2.7948,0.0635,0.0523]
TRIAVA,TRIAVA_0255.jpg,None,3,0.274,[85.04727172851562,445.11279296875,126.11224365234375,490.4906311035156],[0.1650,0.7309,0.0642,0.0709]
TRIAVA,TRIAVA_0255.jpg,None,3,0.239,[1763.8309326171875,279.6124267578125,1819.3056640625,351.5368957519531],[2.7993,0.4931,0.0867,0.1124]
TRIAVA,TRIAVA_0255.jpg,None,3,0.230,[4187.546875,2047.328125,4228.81689453125,2101.611083984375],[6.5753,3.2414,0.0645,0.0848]
TRIAVA,TRIAVA_0255.jpg,None,3,0.227,[2736.548828125,22.922578811645508,2793.107666015625,80.381591796875],[4.3200,0.0807,0.0884,0.0898]
TRIAVA,TRIAVA_0255.jpg,None,3,0.225,[5808.14208984375,712.46533203125,5862.2392578125,744.9114379882812],[9.1175,1.1386,0.0845,0.0507]
TRIAVA,TRIAVA_0255.jpg,None,3,0.221,[5273.71337890625,5.217155933380127,5313.3876953125,41.24061584472656],[8.2712,0.0363,0.0620,0.0563]
TRIAVA,TRIAVA_0255.jpg,None,3,0.214,[5788.68994140625,2159.818359375,5859.09619140625,2196.725830078125],[9.0998,3.4036,0.1100,0.0577]
TRIAVA,TRIAVA_0257.jpg,None,3,0.292,[1736.96484375,390.105224609375,1790.94873046875,450.307861328125],[2.7562,0.6566,0.0843,0.0941]
TRIAVA,TRIAVA_0257.jpg,None,3,0.287,[2697.444580078125,115.276123046875,2749.30029296875,176.3546600341797],[4.2553,0.2278,0.0810,0.0954]
TRIAVA,TRIAVA_0257.jpg,None,3,0.259,[5773.6357421875,1046.942138671875,5851.75439453125,1126.235107421875],[9.0823,1.6978,0.1221,0.1239]
TRIAVA,TRIAVA_0257.jpg,None,3,0.247,[5556.33056640625,1198.468994140625,5606.68603515625,1253.7642822265625],[8.7211,1.9158,0.0787,0.0864]
TRIAVA,TRIAVA_0257.jpg,None,3,0.220,[3997.893798828125,2186.09375,4033.18994140625,2237.412841796875],[6.2743,3.4559,0.0552,0.0802]
TRIAVA,TRIAVA_0257.jpg,None,3,0.209,[110.82095336914062,570.7949829101562,145.434814453125,610.2879028320312],[0.2002,0.9227,0.0541,0.0617]
TRIAVA,TRIAVA_0263.jpg,None,3,0.282,[4615.06640625,480.5992126464844,4654.76806640625,538.7203369140625],[7.2421,0.7963,0.0620,0.0908]
TRIAVA,TRIAVA_0263.jpg,None,3,0.274,[2699.07568359375,2085.117431640625,2764.60205078125,2119.43017578125],[4.2685,3.2848,0.1024,0.0536]
TRIAVA,TRIAVA_0263.jpg,None,3,0.226,[2753.41015625,2277.135009765625,2796.916748046875,2346.714599609375],[4.3362,3.6124,0.0680,0.1087]
TRIAVA,TRIAVA_0263.jpg,None,3,0.225,[5492.08447265625,8.395659446716309,5550.580078125,48.73564910888672],[8.6271,0.0446,0.0914,0.0630]
TRIAVA,TRIAVA_0263.jpg,None,3,0.206,[5794.24072265625,537.65966796875,5832.3857421875,568.1389770507812],[9.0833,0.8639,0.0596,0.0476]
TRIAVA,TRIAVA_0268.jpg,None,3,0.296,[4068.64599609375,1577.583251953125,4132.06005859375,1612.7188720703125],[6.4068,2.4924,0.0991,0.0549]
TRIAVA,TRIAVA_0268.jpg,None,3,0.295,[2623.538330078125,793.6843872070312,2672.089111328125,855.3232421875],[4.1372,1.2883,0.0759,0.0963]
TRIAVA,TRIAVA_0268.jpg,None,3,0.292,[2483.263916015625,377.0072937011719,2533.957763671875,424.62347412109375],[3.9197,0.6263,0.0792,0.0744]
TRIAVA,TRIAVA_0268.jpg,None,3,0.282,[2910.79296875,1082.253173828125,2962.080078125,1127.218505859375],[4.5882,1.7261,0.0801,0.0703]
TRIAVA,TRIAVA_0268.jpg,None,3,0.282,[3611.214111328125,466.7484436035156,3654.351806640625,510.28411865234375],[5.6762,0.7633,0.0674,0.0680]
TRIAVA,TRIAVA_0268.jpg,None,3,0.267,[3292.51611328125,964.9978637695312,3346.803955078125,1001.0390014648438],[5.1870,1.5360,0.0848,0.0563]
TRIAVA,TRIAVA_0268.jpg,None,3,0.250,[3300.91845703125,541.2172241210938,3342.99267578125,581.892578125],[5.1906,0.8774,0.0657,0.0636]
TRIAVA,TRIAVA_0268.jpg,None,3,0.222,[3005.437255859375,1063.140869140625,3072.008544921875,1097.3651123046875],[4.7480,1.6879,0.1040,0.0535]
TRIAVA,TRIAVA_0268.jpg,None,3,0.222,[2622.7607421875,1055.2374267578125,2653.80078125,1093.7208251953125],[4.1223,1.6789,0.0485,0.0601]
TRIAVA,TRIAVA_0272.jpg,None,3,0.299,[1944.341064453125,386.9902648925781,2003.853515625,429.4223937988281],[3.0845,0.6378,0.0930,0.0663]
TRIAVA,TRIAVA_0272.jpg,None,3,0.257,[986.4900512695312,2374.24609375,1032.228515625,2415.046875],[1.5771,3.7416,0.0715,0.0638]
TRIAVA,TRIAVA_0272.jpg,None,3,0.253,[893.0363159179688,727.2612915039062,929.4949951171875,790.1409912109375],[1.4239,1.1855,0.0570,0.0982]
TRIAVA,TRIAVA_0272.jpg,None,3,0.235,[1007.9324951171875,37.988277435302734,1046.5185546875,81.07532501220703],[1.6050,0.0930,0.0603,0.0673]
TRIAVA,TRIAVA_0272.jpg,None,3,0.202,[248.45237731933594,1583.5562744140625,282.0079650878906,1615.8016357421875],[0.4144,2.4995,0.0524,0.0504]
TRIAVA,TRIAVA_0273.jpg,None,3,0.277,[3139.98291015625,618.6748657226562,3193.76123046875,654.9961547851562],[4.9482,0.9951,0.0840,0.0568]
TRIAVA,TRIAVA_0273.jpg,None,3,0.275,[2550.01513671875,748.5908203125,2580.16650390625,799.9891357421875],[4.0080,1.2098,0.0471,0.0803]
TRIAVA,TRIAVA_0273.jpg,None,3,0.274,[4051.227783203125,244.62855529785156,4110.087890625,287.787109375],[6.3760,0.4159,0.0920,0.0674]
TRIAVA,TRIAVA_0273.jpg,None,3,0.267,[4988.93017578125,2278.3076171875,5042.16015625,2315.02587890625],[7.8368,3.5885,0.0832,0.0574]
TRIAVA,TRIAVA_0273.jpg,None,3,0.260,[4606.3037109375,1472.8046875,4639.1103515625,1520.4576416015625],[7.2230,2.3385,0.0513,0.0745]
TRIAVA,TRIAVA_0273.jpg,None,3,0.250,[2937.314208984375,1817.9853515625,2997.257080078125,1851.99072265625],[4.6364,2.8672,0.0937,0.0531]
TRIAVA,TRIAVA_0273.jpg,None,3,0.242,[1465.87841796875,628.2749633789062,1514.1036376953125,660.387451171875],[2.3281,1.0068,0.0754,0.0502]
TRIAVA,TRIAVA_0273.jpg,None,3,0.226,[2712.9091796875,505.1275634765625,2759.89404296875,549.634033203125],[4.2756,0.8240,0.0734,0.0695]
TRIAVA,TRIAVA_0273.jpg,None,3,0.202,[3899.01025390625,522.908203125,3947.780029296875,553.187744140625],[6.1303,0.8407,0.0762,0.0473]
TRIAVA,TRIAVA_0274.jpg,None,3,0.292,[2910.77783203125,1736.4078369140625,2953.000732421875,1782.91064453125],[4.5811,2.7495,0.0660,0.0727]
TRIAVA,TRIAVA_0274.jpg,None,3,0.282,[4001.10107421875,2220.1162109375,4040.71875,2252.238037109375],[6.2827,3.4940,0.0619,0.0502]
TRIAVA,TRIAVA_0274.jpg,None,3,0.275,[1054.955810546875,2016.960205078125,1117.3349609375,2052.72705078125],[1.6971,3.1794,0.0975,0.0559]
TRIAVA,TRIAVA_0274.jpg,None,3,0.266,[5375.51123046875,224.60006713867188,5422.80859375,257.4277648925781],[8.4362,0.3766,0.0739,0.0513]
TRIAVA,TRIAVA_0274.jpg,None,3,0.266,[3374.75732421875,794.5929565429688,3408.76318359375,824.8814086914062],[5.2996,1.2652,0.0531,0.0473]
TRIAVA,TRIAVA_0274.jpg,None,3,0.243,[5073.0234375,107.90359497070312,5101.53369140625,144.8731689453125],[7.9489,0.1975,0.0445,0.0578]
TRIAVA,TRIAVA_0274.jpg,None,3,0.243,[1835.842529296875,2245.291748046875,1880.50390625,2271.117919921875],[2.9034,3.5284,0.0698,0.0404]
TRIAVA,TRIAVA_0274.jpg,None,3,0.238,[3871.84228515625,1220.3907470703125,3933.852783203125,1258.8717041015625],[6.0982,1.9369,0.0969,0.0601]
TRIAVA,TRIAVA_0274.jpg,None,3,0.227,[2336.14990234375,459.6367492675781,2371.7587890625,505.9976501464844],[3.6781,0.7544,0.0556,0.0724]
TRIAVA,TRIAVA_0274.jpg,None,3,0.212,[4405.224609375,2094.107177734375,4438.91455078125,2129.89208984375],[6.9095,3.3000,0.0526,0.0559]
TRIAVA,TRIAVA_0281.jpg,None,3,0.292,[2540.981689453125,1456.1326904296875,2571.687255859375,1511.27587890625],[3.9943,2.3183,0.0480,0.0862]
TRIAVA,TRIAVA_0281.jpg,None,3,0.224,[4871.01220703125,1844.9593505859375,4921.9404296875,1877.0650634765625],[7.6507,2.9078,0.0796,0.0502]
TRIAVA,TRIAVA_0281.jpg,None,3,0.222,[1253.650634765625,1088.9835205078125,1295.3837890625,1125.669677734375],[1.9914,1.7302,0.0652,0.0573]
TRIAVA,TRIAVA_0281.jpg,None,3,0.210,[2451.361572265625,1580.599853515625,2517.96240234375,1613.53271484375],[3.8823,2.4954,0.1041,0.0515]
TRIAVA,TRIAVA_0281.jpg,None,3,0.206,[183.53697204589844,622.7904663085938,222.42393493652344,653.2716064453125],[0.3172,0.9969,0.0608,0.0476]
TRIAVA,TRIAVA_0281.jpg,None,3,0.201,[524.4985961914062,308.3024597167969,565.3340454101562,344.67791748046875],[0.8514,0.5101,0.0638,0.0568]
TRIAVA,TRIAVA_0287.jpg,None,3,0.290,[69.41039276123047,896.7259521484375,111.43001556396484,940.1289672851562],[0.1413,1.4350,0.0657,0.0678]
TRIAVA,TRIAVA_0287.jpg,None,3,0.275,[2533.47705078125,426.688232421875,2573.21484375,478.6026916503906],[3.9896,0.7073,0.0621,0.0811]
TRIAVA,TRIAVA_0287.jpg,None,3,0.270,[95.86296081542969,1012.513916015625,137.9949493408203,1051.48876953125],[0.1827,1.6125,0.0658,0.0609]
TRIAVA,TRIAVA_0287.jpg,None,3,0.259,[3839.50341796875,483.096923828125,3882.486328125,520.8914184570312],[6.0328,0.7844,0.0672,0.0591]
TRIAVA,TRIAVA_0287.jpg,None,3,0.251,[1004.9789428710938,1424.3216552734375,1043.0447998046875,1453.7943115234375],[1.6000,2.2485,0.0595,0.0461]
TRIAVA,TRIAVA_0287.jpg,None,3,0.246,[1332.8985595703125,628.7817993164062,1372.533447265625,665.2352294921875],[2.1136,1.0110,0.0619,0.0570]
TRIAVA,TRIAVA_0287.jpg,None,3,0.242,[4867.18896484375,170.46717834472656,4903.677734375,228.56654357910156],[7.6335,0.3117,0.0570,0.0908]
TRIAVA,TRIAVA_0287.jpg,None,3,0.242,[1284.9017333984375,1378.5386962890625,1318.986328125,1410.9188232421875],[2.0343,2.1793,0.0533,0.0506]
TRIAVA,TRIAVA_0287.jpg,None,3,0.210,[966.5755004882812,2133.5107421875,1030.1524658203125,2165.255615234375],[1.5599,3.3584,0.0993,0.0496]
TRIAVA,TRIAVA_0289.jpg,None,3,0.278,[2403.12255859375,1287.076416015625,2442.327392578125,1318.4464111328125],[3.7855,2.0356,0.0613,0.0490]
TRIAVA,TRIAVA_0289.jpg,None,3,0.277,[3877.56884765625,476.1417541503906,3916.046142578125,509.357421875],[6.0888,0.7699,0.0601,0.0519]
TRIAVA,TRIAVA_0289.jpg,None,3,0.264,[4833.7646484375,1503.9415283203125,4874.296875,1532.8416748046875],[7.5844,2.3725,0.0633,0.0452]
TRIAVA,TRIAVA_0289.jpg,None,3,0.255,[3642.096435546875,1980.806640625,3695.625,2015.3463134765625],[5.7326,3.1220,0.0836,0.0540]
TRIAVA,TRIAVA_0289.jpg,None,3,0.221,[1829.3592529296875,834.64306640625,1864.973388671875,865.9666748046875],[2.8862,1.3286,0.0556,0.0489]
TRIAVA,TRIAVA_0292.jpg,None,3,0.298,[4625.486328125,1610.52099609375,4657.09521484375,1661.065673828125],[7.2520,2.5559,0.0494,0.0790]
TRIAVA,TRIAVA_0292.jpg,None,3,0.296,[4273.66552734375,2185.31201171875,4305.61767578125,2233.607177734375],[6.7026,3.4523,0.0499,0.0755]
TRIAVA,TRIAVA_0292.jpg,None,3,0.291,[2214.33154296875,42.24258804321289,2265.286865234375,79.5584716796875],[3.4997,0.0952,0.0796,0.0583]
TRIAVA,TRIAVA_0292.jpg,None,3,0.266,[1696.3275146484375,1507.320556640625,1741.6619873046875,1563.7723388671875],[2.6859,2.3993,0.0708,0.0882]
TRIAVA,TRIAVA_0292.jpg,None,3,0.252,[4184.27685546875,20.807912826538086,4235.28076171875,53.56755828857422],[6.5778,0.0581,0.0797,0.0512]
TRIAVA,TRIAVA_0292.jpg,None,3,0.221,[4871.658203125,464.09051513671875,4931.134765625,500.39715576171875],[7.6584,0.7535,0.0929,0.0567]
TRIAVA,TRIAVA_0292.jpg,None,3,0.201,[3563.58984375,1967.8563232421875,3599.32568359375,2001.09130859375],[5.5960,3.1007,0.0558,0.0519]
TRIAVA,TRIAVA_0292.jpg,None,3,0.201,[5207.97412109375,137.52052307128906,5253.62353515625,168.0394744873047],[8.1731,0.2387,0.0713,0.0477]
TRIAVA,TRIAVA_0296.jpg,None,3,0.294,[3222.142578125,316.08026123046875,3279.62841796875,351.1097717285156],[5.0795,0.5212,0.0898,0.0547]
TRIAVA,TRIAVA_0296.jpg,None,3,0.292,[1675.41552734375,1657.3701171875,1722.5426025390625,1699.634521484375],[2.6547,2.6227,0.0736,0.0660]
TRIAVA,TRIAVA_0296.jpg,None,3,0.286,[2929.379638671875,1115.0970458984375,2973.13720703125,1147.7454833984375],[4.6113,1.7678,0.0684,0.0510]
TRIAVA,TRIAVA_0296.jpg,None,3,0.274,[3389.188232421875,1402.564697265625,3433.562255859375,1433.978759765625],[5.3303,2.2160,0.0693,0.0491]
TRIAVA,TRIAVA_0296.jpg,None,3,0.259,[2631.135498046875,2013.1708984375,2675.83251953125,2076.4833984375],[4.1461,3.1950,0.0698,0.0989]
TRIAVA,TRIAVA_0296.jpg,None,3,0.258,[605.8561401367188,1634.972412109375,638.3900146484375,1665.7093505859375],[0.9721,2.5787,0.0508,0.0480]
TRIAVA,TRIAVA_0296.jpg,None,3,0.252,[3111.98974609375,1346.55908203125,3165.802734375,1385.5518798828125],[4.9045,2.1345,0.0841,0.0609]
TRIAVA,TRIAVA_0296.jpg,None,3,0.243,[3406.19580078125,1009.4823608398438,3443.857177734375,1043.814453125],[5.3516,1.6041,0.0588,0.0536]
TRIAVA,TRIAVA_0296.jpg,None,3,0.240,[1204.1170654296875,2237.24853515625,1246.335693359375,2278.3173828125],[1.9144,3.5278,0.0660,0.0642]
TRIAVA,TRIAVA_0296.jpg,None,3,0.236,[3238.295166015625,1121.9761962890625,3291.35498046875,1157.42919921875],[5.1013,1.7808,0.0829,0.0554]
TRIAVA,TRIAVA_0296.jpg,None,3,0.226,[1175.6966552734375,903.835693359375,1219.858154296875,936.9393920898438],[1.8715,1.4381,0.0690,0.0517]
TRIAVA,TRIAVA_0296.jpg,None,3,0.218,[2836.814697265625,1935.52587890625,2872.734130859375,2009.2294921875],[4.4606,3.0818,0.0561,0.1152]
TRIAVA,TRIAVA_0296.jpg,None,3,0.218,[2247.77001953125,368.7374572753906,2287.42919921875,427.5779113769531],[3.5431,0.6221,0.0620,0.0919]
TRIAVA,TRIAVA_0303.jpg,None,3,0.288,[164.497802734375,1617.2261962890625,223.6751708984375,1651.6318359375],[0.3033,2.5538,0.0925,0.0538]
TRIAVA,TRIAVA_0303.jpg,None,3,0.272,[2185.13427734375,0.0,2218.569580078125,33.989532470703125],[3.4404,0.0266,0.0522,0.0531]
TRIAVA,TRIAVA_0303.jpg,None,3,0.255,[829.1824340820312,1323.9595947265625,891.9014892578125,1357.33251953125],[1.3446,2.0948,0.0980,0.0521]
TRIAVA,TRIAVA_0303.jpg,None,3,0.248,[2570.237548828125,569.3953857421875,2610.550537109375,608.8997192382812],[4.0475,0.9205,0.0630,0.0617]
TRIAVA,TRIAVA_0303.jpg,None,3,0.231,[1648.962158203125,590.690673828125,1689.4920654296875,622.58837890625],[2.6082,0.9479,0.0633,0.0498]
TRIAVA,TRIAVA_0303.jpg,None,3,0.224,[77.6166000366211,121.5601806640625,133.29351806640625,155.47976684570312],[0.1648,0.2164,0.0870,0.0530]
TRIAVA,TRIAVA_0303.jpg,None,3,0.210,[3010.24267578125,360.9573974609375,3053.149169921875,407.03961181640625],[4.7370,0.6000,0.0670,0.0720]
TRIAVA,TRIAVA_0303.jpg,None,3,0.204,[5150.46875,1200.0380859375,5189.0810546875,1235.5635986328125],[8.0778,1.9028,0.0603,0.0555]
TRIAVA,TRIAVA_0307.jpg,None,3,0.299,[3628.97265625,2279.450439453125,3671.388671875,2341.758544921875],[5.7034,3.6103,0.0663,0.0974]
TRIAVA,TRIAVA_0307.jpg,None,3,0.293,[3169.776611328125,1605.186279296875,3216.7138671875,1669.07177734375],[4.9894,2.5580,0.0733,0.0998]
TRIAVA,TRIAVA_0307.jpg,None,3,0.283,[3687.553466796875,2214.12255859375,3723.813720703125,2253.414794921875],[5.7901,3.4903,0.0567,0.0614]
TRIAVA,TRIAVA_0307.jpg,None,3,0.266,[5622.20703125,1522.134521484375,5651.42626953125,1558.56884765625],[8.8075,2.4068,0.0457,0.0569]
TRIAVA,TRIAVA_0307.jpg,None,3,0.207,[2776.189208984375,1214.0438232421875,2807.164794921875,1251.2293701171875],[4.3620,1.9260,0.0484,0.0581]
TRIAVA,TRIAVA_0308.jpg,None,3,0.290,[3733.55517578125,1955.989013671875,3771.031005859375,2011.943359375],[5.8630,3.0999,0.0586,0.0874]
TRIAVA,TRIAVA_0308.jpg,None,3,0.275,[1492.031982421875,1548.217529296875,1524.3865966796875,1592.6136474609375],[2.3566,2.4538,0.0506,0.0694]
TRIAVA,TRIAVA_0308.jpg,None,3,0.268,[2956.0966796875,2157.946533203125,3018.274658203125,2198.626220703125],[4.6675,3.4036,0.0972,0.0636]
TRIAVA,TRIAVA_0308.jpg,None,3,0.250,[3791.00390625,1661.1572265625,3820.716796875,1706.4544677734375],[5.9467,2.6309,0.0464,0.0708]
TRIAVA,TRIAVA_0308.jpg,None,3,0.230,[4541.41015625,1017.70556640625,4611.5419921875,1053.8857421875],[7.1507,1.6184,0.1096,0.0565]
TRIAVA,TRIAVA_0312.jpg,None,3,0.296,[3683.542236328125,585.3810424804688,3722.00830078125,637.25244140625],[5.7856,0.9552,0.0601,0.0810]
TRIAVA,TRIAVA_0312.jpg,None,3,0.287,[1512.389404296875,1024.9765625,1560.1275634765625,1090.5311279296875],[2.4004,1.6527,0.0746,0.1024]
TRIAVA,TRIAVA_0312.jpg,None,3,0.283,[452.01177978515625,280.1486511230469,504.7154541015625,316.92401123046875],[0.7474,0.4665,0.0823,0.0575]
TRIAVA,TRIAVA_0312.jpg,None,3,0.279,[3228.25244140625,546.4183349609375,3263.80810546875,612.8988647460938],[5.0719,0.9057,0.0556,0.1039]
TRIAVA,TRIAVA_0312.jpg,None,3,0.273,[2035.777099609375,930.1016845703125,2099.932861328125,962.892333984375],[3.2310,1.4789,0.1002,0.0512]
TRIAVA,TRIAVA_0312.jpg,None,3,0.273,[251.05252075195312,1141.4461669921875,306.9651794433594,1171.256103515625],[0.4360,1.8068,0.0874,0.0466]
TRIAVA,TRIAVA_0312.jpg,None,3,0.259,[834.81298828125,1359.5631103515625,892.0582885742188,1391.689453125],[1.3491,2.1494,0.0894,0.0502]
TRIAVA,TRIAVA_0312.jpg,None,3,0.248,[1280.8165283203125,1893.4483642578125,1320.4609375,1934.4033203125],[2.0322,2.9905,0.0619,0.0640]
TRIAVA,TRIAVA_0312.jpg,None,3,0.248,[2304.74267578125,109.83676147460938,2333.122314453125,165.27157592773438],[3.6233,0.2149,0.0443,0.0866]
TRIAVA,TRIAVA_0312.jpg,None,3,0.247,[3367.599853515625,799.1415405273438,3400.7890625,864.6846923828125],[5.2878,1.2999,0.0519,0.1024]
TRIAVA,TRIAVA_0312.jpg,None,3,0.246,[820.0408325195312,543.1600952148438,864.7067260742188,575.4429321289062],[1.3162,0.8739,0.0698,0.0504]
TRIAVA,TRIAVA_0312.jpg,None,3,0.236,[3782.371337890625,263.75213623046875,3839.4638671875,307.37408447265625],[5.9546,0.4462,0.0892,0.0682]
TRIAVA,TRIAVA_0312.jpg,None,3,0.234,[4094.350830078125,765.722412109375,4146.94873046875,807.0675659179688],[6.4385,1.2287,0.0822,0.0646]
TRIAVA,TRIAVA_0312.jpg,None,3,0.229,[2202.250732421875,231.78578186035156,2254.998291015625,273.56829833984375],[3.4822,0.3948,0.0824,0.0653]
TRIAVA,TRIAVA_0312.jpg,None,3,0.226,[1565.643310546875,913.7658081054688,1625.869384765625,953.1450805664062],[2.4934,1.4585,0.0941,0.0615]
TRIAVA,TRIAVA_0312.jpg,None,3,0.212,[3904.324462890625,331.74700927734375,3941.58837890625,360.71112060546875],[6.1296,0.5410,0.0582,0.0453]
TRIAVA,TRIAVA_0312.jpg,None,3,0.210,[1039.9647216796875,1557.4849853515625,1078.91162109375,1598.82763671875],[1.6554,2.4659,0.0609,0.0646]
TRIAVA,TRIAVA_0312.jpg,None,3,0.202,[484.8066711425781,2295.087646484375,519.1566162109375,2342.78955078125],[0.7843,3.6233,0.0537,0.0745]
TRIAVA,TRIAVA_0312.jpg,None,3,0.201,[1476.149658203125,585.5416870117188,1521.185302734375,620.9193725585938],[2.3417,0.9425,0.0704,0.0553]
TRIAVA,TRIAVA_0315.jpg,None,3,0.242,[1683.038330078125,2254.463134765625,1725.7462158203125,2297.107177734375],[2.6631,3.5559,0.0667,0.0666]
TRIAVA,TRIAVA_0315.jpg,None,3,0.231,[5204.0810546875,1332.50634765625,5255.31005859375,1363.775634765625],[8.1714,2.1065,0.0800,0.0489]
TRIAVA,TRIAVA_0315.jpg,None,3,0.220,[233.2999725341797,2115.078369140625,270.76190185546875,2160.793701171875],[0.3938,3.3405,0.0585,0.0714]
TRIAVA,TRIAVA_0320.jpg,None,3,0.289,[3957.4130859375,423.5133056640625,4014.503662109375,457.9517517089844],[6.2281,0.6886,0.0892,0.0538]
TRIAVA,TRIAVA_0320.jpg,None,3,0.271,[2833.22509765625,418.1532287597656,2879.100341796875,467.8623046875],[4.4628,0.6922,0.0717,0.0777]
TRIAVA,TRIAVA_0320.jpg,None,3,0.263,[54.34280776977539,1912.7314453125,93.09284973144531,1960.9119873046875],[0.1152,3.0263,0.0605,0.0753]
TRIAVA,TRIAVA_0320.jpg,None,3,0.258,[2411.003662109375,1955.615234375,2462.720947265625,1989.4676513671875],[3.8076,3.0821,0.0808,0.0529]
TRIAVA,TRIAVA_0320.jpg,None,3,0.256,[2644.097412109375,726.29443359375,2678.2265625,783.8724975585938],[4.1581,1.1798,0.0533,0.0900]
TRIAVA,TRIAVA_0320.jpg,None,3,0.243,[4806.91015625,2237.477294921875,4844.32275390625,2263.354248046875],[7.5400,3.5163,0.0585,0.0404]
TRIAVA,TRIAVA_0320.jpg,None,3,0.225,[1702.4901123046875,2066.0908203125,1750.3040771484375,2114.883544921875],[2.6975,3.2664,0.0747,0.0762]
TRIAVA,TRIAVA_0320.jpg,None,3,0.211,[976.336669921875,415.20599365234375,1016.66845703125,454.90899658203125],[1.5570,0.6798,0.0630,0.0620]
TRIAVA,TRIAVA_0320.jpg,None,3,0.202,[1055.0008544921875,1145.5634765625,1099.412353515625,1184.567138671875],[1.6831,1.8204,0.0694,0.0609]
TRIAVA,TRIAVA_0332.jpg,None,3,0.279,[3763.97802734375,2326.08740234375,3804.489501953125,2371.65283203125],[5.9129,3.6701,0.0633,0.0712]
TRIAVA,TRIAVA_0332.jpg,None,3,0.269,[1243.45263671875,946.6721801757812,1293.115478515625,1006.00634765625],[1.9817,1.5255,0.0776,0.0927]
TRIAVA,TRIAVA_0332.jpg,None,3,0.257,[2989.654541015625,1776.373046875,3033.956787109375,1825.1630859375],[4.7059,2.8137,0.0692,0.0762]
TRIAVA,TRIAVA_0332.jpg,None,3,0.255,[742.9905395507812,995.1170654296875,776.3009643554688,1037.2103271484375],[1.1869,1.5878,0.0520,0.0658]
TRIAVA,TRIAVA_0332.jpg,None,3,0.250,[1478.125,592.4385986328125,1519.71728515625,634.482666015625],[2.3421,0.9585,0.0650,0.0657]
TRIAVA,TRIAVA_0332.jpg,None,3,0.248,[2088.22314453125,1168.9713134765625,2166.11669921875,1223.016845703125],[3.3237,1.8687,0.1217,0.0844]
TRIAVA,TRIAVA_0332.jpg,None,3,0.243,[1244.7977294921875,2106.881591796875,1284.738525390625,2148.877197265625],[1.9762,3.3248,0.0624,0.0656]
TRIAVA,TRIAVA_0332.jpg,None,3,0.241,[1134.5081787109375,2321.115234375,1170.642822265625,2361.469482421875],[1.8009,3.6583,0.0565,0.0631]
TRIAVA,TRIAVA_0332.jpg,None,3,0.233,[2428.010498046875,2099.01123046875,2462.6787109375,2132.27099609375],[3.8209,3.3057,0.0542,0.0520]
TRIAVA,TRIAVA_0334.jpg,None,3,0.285,[3836.189697265625,102.65548706054688,3883.413818359375,138.5352325439453],[6.0309,0.1884,0.0738,0.0561]
TRIAVA,TRIAVA_0334.jpg,None,3,0.279,[3329.574462890625,1731.5577392578125,3362.5849609375,1770.2781982421875],[5.2282,2.7358,0.0516,0.0605]
TRIAVA,TRIAVA_0334.jpg,None,3,0.269,[3708.357666015625,415.04779052734375,3752.9189453125,478.0436706542969],[5.8291,0.6977,0.0696,0.0984]
TRIAVA,TRIAVA_0334.jpg,None,3,0.226,[524.1331176757812,1832.8203125,570.054931640625,1869.255615234375],[0.8548,2.8922,0.0718,0.0569]
TRIAVA,TRIAVA_0334.jpg,None,3,0.212,[3449.59326171875,499.6339416503906,3500.221435546875,542.343017578125],[5.4295,0.8140,0.0791,0.0667]
TRIAVA,TRIAVA_0336.jpg,None,3,0.290,[4866.1572265625,337.6841125488281,4900.87158203125,398.0804443359375],[7.6305,0.5748,0.0542,0.0944]
TRIAVA,TRIAVA_0336.jpg,None,3,0.289,[4502.875,1348.644775390625,4569.34912109375,1391.429931640625],[7.0877,2.1407,0.1039,0.0669]
TRIAVA,TRIAVA_0336.jpg,None,3,0.288,[2449.98095703125,257.9831848144531,2497.9208984375,311.03277587890625],[3.8655,0.4445,0.0749,0.0829]
TRIAVA,TRIAVA_0336.jpg,None,3,0.271,[3017.890380859375,1545.90478515625,3055.18017578125,1586.4385986328125],[4.7446,2.4471,0.0583,0.0633]
TRIAVA,TRIAVA_0336.jpg,None,3,0.263,[1859.9757080078125,1119.7957763671875,1892.96875,1171.6500244140625],[2.9320,1.7902,0.0516,0.0810]
TRIAVA,TRIAVA_0336.jpg,None,3,0.263,[4447.00830078125,1565.5811767578125,4482.9033203125,1623.010498046875],[6.9765,2.4911,0.0561,0.0897]
TRIAVA,TRIAVA_0336.jpg,None,3,0.249,[3341.27587890625,1634.0499267578125,3399.6728515625,1668.0028076171875],[5.2664,2.5797,0.0912,0.0531]
TRIAVA,TRIAVA_0336.jpg,None,3,0.241,[312.17523193359375,2339.528564453125,355.0501708984375,2378.949462890625],[0.5213,3.6863,0.0670,0.0616]
TRIAVA,TRIAVA_0336.jpg,None,3,0.230,[3527.82470703125,1502.944091796875,3570.463134765625,1570.256591796875],[5.5455,2.4009,0.0666,0.1052]
TRIAVA,TRIAVA_0336.jpg,None,3,0.228,[4112.4287109375,2322.292724609375,4153.03271484375,2361.5625],[6.4574,3.6593,0.0634,0.0614]
TRIAVA,TRIAVA_0336.jpg,None,3,0.209,[4157.24755859375,2265.13818359375,4201.7822265625,2301.218505859375],[6.5305,3.5675,0.0696,0.0564]
TRIAVA,TRIAVA_0336.jpg,None,3,0.203,[335.07098388671875,1049.0439453125,373.052490234375,1098.7449951171875],[0.5532,1.6780,0.0593,0.0777]
TRIAVA,TRIAVA_0337.jpg,None,3,0.289,[985.7496948242188,1919.9613037109375,1036.7606201171875,1957.4014892578125],[1.5801,3.0292,0.0797,0.0585]
TRIAVA,TRIAVA_0337.jpg,None,3,0.283,[5118.50390625,1002.0755004882812,5163.95751953125,1030.74951171875],[8.0332,1.5881,0.0710,0.0448]
TRIAVA,TRIAVA_0337.jpg,None,3,0.273,[4126.2685546875,90.25958251953125,4168.95947265625,119.68428039550781],[6.4806,0.1640,0.0667,0.0460]
TRIAVA,TRIAVA_0337.jpg,None,3,0.265,[4190.92431640625,12.943509101867676,4236.57568359375,71.94513702392578],[6.5840,0.0663,0.0713,0.0922]
TRIAVA,TRIAVA_0337.jpg,None,3,0.263,[3610.8095703125,1443.405517578125,3663.2412109375,1491.3929443359375],[5.6829,2.2928,0.0819,0.0750]
TRIAVA,TRIAVA_0337.jpg,None,3,0.252,[3387.420166015625,925.0883178710938,3429.720458984375,964.3919067382812],[5.3259,1.4762,0.0661,0.0614]
TRIAVA,TRIAVA_0337.jpg,None,3,0.248,[2917.31640625,1421.9901123046875,2971.840087890625,1453.546875],[4.6009,2.2465,0.0852,0.0493]
TRIAVA,TRIAVA_0337.jpg,None,3,0.233,[3804.855712890625,1033.9306640625,3848.15966796875,1108.1865234375],[5.9789,1.6735,0.0677,0.1160]
TRIAVA,TRIAVA_0337.jpg,None,3,0.229,[1466.729736328125,1724.8265380859375,1510.7689208984375,1764.3297119140625],[2.3262,2.7259,0.0688,0.0617]
TRIAVA,TRIAVA_0337.jpg,None,3,0.226,[4004.130859375,1444.8759765625,4038.88720703125,1477.3897705078125],[6.2836,2.2830,0.0543,0.0508]
TRIAVA,TRIAVA_0337.jpg,None,3,0.221,[1870.7030029296875,2185.167236328125,1902.302978515625,2248.3271484375],[2.9477,3.4637,0.0494,0.0987]
TRIAVA,TRIAVA_0337.jpg,None,3,0.208,[1315.6566162109375,2356.82080078125,1345.302490234375,2391.939453125],[2.0789,3.7100,0.0463,0.0549]
TRIAVA,TRIAVA_0339.jpg,None,3,0.299,[1765.7830810546875,376.4517517089844,1811.39501953125,409.321533203125],[2.7947,0.6139,0.0713,0.0514]
TRIAVA,TRIAVA_0339.jpg,None,3,0.295,[3246.478515625,1647.9234619140625,3286.44287109375,1678.812744140625],[5.1038,2.5990,0.0624,0.0483]
TRIAVA,TRIAVA_0339.jpg,None,3,0.293,[3204.299560546875,980.7320556640625,3244.806640625,1019.2514038085938],[5.0384,1.5625,0.0633,0.0602]
TRIAVA,TRIAVA_0339.jpg,None,3,0.269,[3534.114501953125,89.33175659179688,3580.0556640625,127.13028717041016],[5.5579,0.1691,0.0718,0.0591]
TRIAVA,TRIAVA_0339.jpg,None,3,0.264,[3763.97900390625,1320.5089111328125,3824.039794921875,1359.1182861328125],[5.9281,2.0935,0.0938,0.0603]
TRIAVA,TRIAVA_0339.jpg,None,3,0.259,[1318.9925537109375,510.28851318359375,1385.2181396484375,545.9727783203125],[2.1127,0.8252,0.1035,0.0558]
TRIAVA,TRIAVA_0339.jpg,None,3,0.259,[4124.34765625,441.651123046875,4159.99072265625,499.4564208984375],[6.4721,0.7352,0.0557,0.0903]
TRIAVA,TRIAVA_0339.jpg,None,3,0.258,[4364.62060546875,1849.5159912109375,4413.53515625,1899.472900390625],[6.8579,2.9289,0.0764,0.0781]
TRIAVA,TRIAVA_0339.jpg,None,3,0.258,[3575.179931640625,134.9231414794922,3629.047119140625,170.12173461914062],[5.6283,0.2383,0.0842,0.0550]
TRIAVA,TRIAVA_0339.jpg,None,3,0.258,[520.484375,12.04673957824707,559.9884033203125,43.324798583984375],[0.8441,0.0433,0.0617,0.0489]
TRIAVA,TRIAVA_0339.jpg,None,3,0.256,[2885.538818359375,1474.37646484375,2928.361328125,1538.24755859375],[4.5421,2.3536,0.0669,0.0998]
TRIAVA,TRIAVA_0339.jpg,None,3,0.253,[3966.014404296875,1449.4588623046875,4003.40625,1498.4981689453125],[6.2261,2.3031,0.0584,0.0766]
TRIAVA,TRIAVA_0339.jpg,None,3,0.252,[4662.48193359375,2351.06396484375,4702.57666015625,2400.950927734375],[7.3165,3.7125,0.0626,0.0779]
TRIAVA,TRIAVA_0339.jpg,None,3,0.251,[4752.20556640625,1410.0684814453125,4790.38525390625,1438.3681640625],[7.4551,2.2253,0.0597,0.0442]
TRIAVA,TRIAVA_0339.jpg,None,3,0.249,[3529.076904296875,1431.4871826171875,3563.917724609375,1477.84619140625],[5.5414,2.2729,0.0544,0.0724]
TRIAVA,TRIAVA_0339.jpg,None,3,0.248,[3628.8408203125,1035.846435546875,3691.52783203125,1070.4088134765625],[5.7190,1.6455,0.0979,0.0540]
TRIAVA,TRIAVA_0339.jpg,None,3,0.238,[3723.904052734375,1682.6435546875,3780.203369140625,1719.80712890625],[5.8626,2.6582,0.0880,0.0581]
TRIAVA,TRIAVA_0339.jpg,None,3,0.236,[4063.187744140625,2219.26025390625,4110.68017578125,2265.091796875],[6.3858,3.5034,0.0742,0.0716]
TRIAVA,TRIAVA_0339.jpg,None,3,0.234,[4566.4599609375,1208.4532470703125,4598.90673828125,1242.474609375],[7.1604,1.9148,0.0507,0.0532]
TRIAVA,TRIAVA_0339.jpg,None,3,0.225,[4136.16064453125,1372.320068359375,4169.21923828125,1414.830322265625],[6.4886,2.1775,0.0517,0.0664]
TRIAVA,TRIAVA_0339.jpg,None,3,0.219,[3368.131103515625,784.3895263671875,3412.236083984375,817.2025756835938],[5.2972,1.2512,0.0689,0.0513]
TRIAVA,TRIAVA_0339.jpg,None,3,0.213,[3881.015380859375,1529.44775390625,3913.169677734375,1572.216796875],[6.0892,2.4232,0.0502,0.0668]
TRIAVA,TRIAVA_0339.jpg,None,3,0.210,[4374.50927734375,1592.353759765625,4409.130859375,1631.2225341796875],[6.8622,2.5184,0.0541,0.0607]
TRIAVA,TRIAVA_0339.jpg,None,3,0.201,[3249.062744140625,448.0970153808594,3285.301513671875,501.1125183105469],[5.1050,0.7416,0.0566,0.0828]
TRIAVA,TRIAVA_0340.jpg,None,3,0.300,[1305.5272216796875,1602.3958740234375,1376.5599365234375,1655.86669921875],[2.0954,2.5455,0.1110,0.0835]
TRIAVA,TRIAVA_0340.jpg,None,3,0.295,[3704.21337890625,670.9324951171875,3737.74560546875,719.4837646484375],[5.8140,1.0863,0.0524,0.0759]
TRIAVA,TRIAVA_0340.jpg,None,3,0.295,[2945.106201171875,1568.2152099609375,2999.451171875,1622.2198486328125],[4.6442,2.4925,0.0849,0.0844]
TRIAVA,TRIAVA_0340.jpg,None,3,0.293,[1135.9847412109375,2119.52099609375,1169.7823486328125,2166.982421875],[1.8014,3.3488,0.0528,0.0742]
TRIAVA,TRIAVA_0340.jpg,None,3,0.291,[3051.320556640625,613.7296142578125,3103.00146484375,643.4147338867188],[4.8081,0.9821,0.0808,0.0464]
TRIAVA,TRIAVA_0340.jpg,None,3,0.271,[611.976806640625,1089.789306640625,655.8939208984375,1131.427001953125],[0.9905,1.7353,0.0686,0.0651]
TRIAVA,TRIAVA_0340.jpg,None,3,0.270,[31.22865104675293,1400.3558349609375,74.59486389160156,1440.285400390625],[0.0827,2.2193,0.0678,0.0624]
TRIAVA,TRIAVA_0340.jpg,None,3,0.267,[760.083984375,931.5728759765625,799.7265625,958.1881103515625],[1.2186,1.4764,0.0619,0.0416]
TRIAVA,TRIAVA_0340.jpg,None,3,0.267,[1108.7342529296875,856.3851928710938,1148.92724609375,887.1405029296875],[1.7638,1.3621,0.0628,0.0481]
TRIAVA,TRIAVA_0340.jpg,None,3,0.258,[5755.55322265625,1863.8880615234375,5810.93798828125,1906.0823974609375],[9.0363,2.9453,0.0865,0.0659]
TRIAVA,TRIAVA_0340.jpg,None,3,0.256,[2422.275634765625,1660.418701171875,2464.429443359375,1702.054931640625],[3.8177,2.6269,0.0659,0.0651]
TRIAVA,TRIAVA_0340.jpg,None,3,0.240,[1713.2265625,2387.913330078125,1758.8887939453125,2422.79833984375],[2.7126,3.7584,0.0713,0.0545]
TRIAVA,TRIAVA_0340.jpg,None,3,0.228,[4132.9501953125,891.14306640625,4172.02734375,920.6111450195312],[6.4883,1.4154,0.0611,0.0460]
TRIAVA,TRIAVA_0340.jpg,None,3,0.221,[920.8319702148438,2032.6610107421875,953.1143188476562,2061.08837890625],[1.4640,3.1982,0.0504,0.0444]
TRIAVA,TRIAVA_0340.jpg,None,3,0.218,[3552.3203125,1949.10888671875,3581.792724609375,1980.9208984375],[5.5735,3.0703,0.0461,0.0497]
TRIAVA,TRIAVA_0340.jpg,None,3,0.201,[4688.46728515625,972.9421997070312,4730.0478515625,1018.5635375976562],[7.3582,1.5559,0.0650,0.0713]
TRIAVA,TRIAVA_0342.jpg,None,3,0.299,[2018.4510498046875,370.48724365234375,2056.389404296875,421.1662902832031],[3.1835,0.6185,0.0593,0.0792]
TRIAVA,TRIAVA_0342.jpg,None,3,0.297,[2155.265625,404.6698913574219,2202.465087890625,435.3006591796875],[3.4045,0.6562,0.0737,0.0479]
TRIAVA,TRIAVA_0342.jpg,None,3,0.296,[2415.95654296875,1319.9525146484375,2466.115478515625,1348.3895263671875],[3.8141,2.0846,0.0784,0.0444]
TRIAVA,TRIAVA_0342.jpg,None,3,0.293,[2026.61865234375,1388.292724609375,2065.217041015625,1417.850341796875],[3.1967,2.1923,0.0603,0.0462]
TRIAVA,TRIAVA_0342.jpg,None,3,0.292,[1758.49072265625,65.06930541992188,1803.6376953125,115.612548828125],[2.7829,0.1412,0.0705,0.0790]
TRIAVA,TRIAVA_0342.jpg,None,3,0.273,[1687.831298828125,719.2459716796875,1723.9056396484375,768.0105590820312],[2.6654,1.1619,0.0564,0.0762]
TRIAVA,TRIAVA_0342.jpg,None,3,0.258,[623.4263916015625,1208.9000244140625,678.552490234375,1245.680419921875],[1.0172,1.9176,0.0861,0.0575]
TRIAVA,TRIAVA_0342.jpg,None,3,0.256,[654.570068359375,612.82958984375,712.1276245117188,651.7032470703125],[1.0677,0.9879,0.0899,0.0607]
TRIAVA,TRIAVA_0342.jpg,None,3,0.247,[1065.427978515625,627.0226440429688,1132.7027587890625,663.2836303710938],[1.7173,1.0081,0.1051,0.0567]
TRIAVA,TRIAVA_0342.jpg,None,3,0.209,[45.55958557128906,2022.9212646484375,93.77784729003906,2066.9306640625],[0.1089,3.1952,0.0753,0.0688]
TRIAVA,TRIAVA_0342.jpg,None,3,0.202,[425.02008056640625,347.5101623535156,490.85986328125,381.151123046875],[0.7155,0.5693,0.1029,0.0526]
TRIAVA,TRIAVA_0344.jpg,None,3,0.298,[5065.677734375,271.5943603515625,5102.8837890625,305.5955505371094],[7.9442,0.4509,0.0581,0.0531]
TRIAVA,TRIAVA_0344.jpg,None,3,0.298,[2450.341552734375,1218.3486328125,2484.9150390625,1273.0245361328125],[3.8557,1.9464,0.0540,0.0854]
TRIAVA,TRIAVA_0344.jpg,None,3,0.289,[1753.8280029296875,1398.4404296875,1815.598388671875,1448.9266357421875],[2.7886,2.2245,0.0965,0.0789]
TRIAVA,TRIAVA_0344.jpg,None,3,0.289,[3823.038818359375,1549.5191650390625,3890.939697265625,1585.0162353515625],[6.0265,2.4489,0.1061,0.0555]
TRIAVA,TRIAVA_0344.jpg,None,3,0.265,[3964.990966796875,2071.1962890625,3992.939208984375,2119.3974609375],[6.2171,3.2739,0.0437,0.0753]
TRIAVA,TRIAVA_0344.jpg,None,3,0.256,[1250.7672119140625,2256.23876953125,1288.1046142578125,2302.101318359375],[1.9835,3.5612,0.0583,0.0717]
TRIAVA,TRIAVA_0344.jpg,None,3,0.250,[4250.64697265625,132.12103271484375,4285.06787109375,186.36277770996094],[6.6685,0.2488,0.0538,0.0848]
TRIAVA,TRIAVA_0344.jpg,None,3,0.246,[1557.28857421875,2065.322021484375,1619.35107421875,2107.52490234375],[2.4817,3.2600,0.0970,0.0659]
TRIAVA,TRIAVA_0344.jpg,None,3,0.244,[2326.153564453125,1849.011962890625,2358.544189453125,1895.487548828125],[3.6599,2.9254,0.0506,0.0726]
TRIAVA,TRIAVA_0344.jpg,None,3,0.241,[1886.36376953125,1949.7081298828125,1919.8487548828125,1973.2911376953125],[2.9736,3.0648,0.0523,0.0368]
TRIAVA,TRIAVA_0344.jpg,None,3,0.239,[2567.01025390625,1734.899658203125,2610.170166015625,1794.823486328125],[4.0447,2.7576,0.0674,0.0936]
TRIAVA,TRIAVA_0344.jpg,None,3,0.238,[2705.270751953125,1523.9373779296875,2738.1728515625,1568.307373046875],[4.2527,2.4158,0.0514,0.0693]
TRIAVA,TRIAVA_0344.jpg,None,3,0.237,[3357.500244140625,2021.768310546875,3403.385009765625,2057.839599609375],[5.2819,3.1872,0.0717,0.0564]
TRIAVA,TRIAVA_0344.jpg,None,3,0.235,[4074.50537109375,326.1024169921875,4153.2119140625,379.9679260253906],[6.4279,0.5516,0.1230,0.0842]
TRIAVA,TRIAVA_0344.jpg,None,3,0.233,[2586.711181640625,2159.58642578125,2630.349609375,2198.237060546875],[4.0758,3.4045,0.0682,0.0604]
TRIAVA,TRIAVA_0344.jpg,None,3,0.224,[4209.72705078125,744.02294921875,4245.06689453125,780.7776489257812],[6.6053,1.1913,0.0552,0.0574]
TRIAVA,TRIAVA_0344.jpg,None,3,0.218,[4446.00390625,24.705432891845703,4492.7509765625,68.95066833496094],[6.9834,0.0732,0.0730,0.0691]
TRIAVA,TRIAVA_0344.jpg,None,3,0.212,[4128.333984375,1310.92578125,4174.056640625,1358.8216552734375],[6.4862,2.0857,0.0714,0.0748]
TRIAVA,TRIAVA_0344.jpg,None,3,0.210,[1771.676513671875,475.95758056640625,1823.111572265625,512.98779296875],[2.8084,0.7726,0.0804,0.0579]
TRIAVA,TRIAVA_0344.jpg,None,3,0.207,[473.8778381347656,872.998779296875,508.0201416015625,914.93603515625],[0.7671,1.3968,0.0533,0.0655]
TRIAVA,TRIAVA_0349.jpg,None,3,0.289,[3432.268798828125,1637.0089111328125,3466.5751953125,1681.6583251953125],[5.3897,2.5927,0.0536,0.0698]
TRIAVA,TRIAVA_0349.jpg,None,3,0.285,[3440.312744140625,303.1422424316406,3495.19873046875,339.9297790527344],[5.4184,0.5024,0.0858,0.0575]
TRIAVA,TRIAVA_0349.jpg,None,3,0.278,[1391.0755615234375,2061.933837890625,1451.956787109375,2098.7939453125],[2.2211,3.2506,0.0951,0.0576]
TRIAVA,TRIAVA_0349.jpg,None,3,0.264,[4055.841064453125,1355.1295166015625,4123.37353515625,1394.58447265625],[6.3900,2.1482,0.1055,0.0616]
TRIAVA,TRIAVA_0349.jpg,None,3,0.263,[2197.610107421875,1793.70068359375,2267.376220703125,1846.349365234375],[3.4883,2.8438,0.1090,0.0823]
TRIAVA,TRIAVA_0349.jpg,None,3,0.262,[4333.2451171875,1040.48095703125,4372.73046875,1084.61767578125],[6.8015,1.6602,0.0617,0.0690]
TRIAVA,TRIAVA_0349.jpg,None,3,0.259,[3993.1611328125,2173.759033203125,4052.48388671875,2207.420166015625],[6.2857,3.4228,0.0927,0.0526]
TRIAVA,TRIAVA_0349.jpg,None,3,0.256,[1236.9635009765625,2076.040771484375,1272.274169921875,2127.72705078125],[1.9603,3.2842,0.0552,0.0808]
TRIAVA,TRIAVA_0349.jpg,None,3,0.249,[3996.196533203125,2064.936279296875,4032.18115234375,2115.058349609375],[6.2722,3.2656,0.0562,0.0783]
TRIAVA,TRIAVA_0349.jpg,None,3,0.244,[3195.83251953125,1651.9283447265625,3243.1015625,1682.9071044921875],[5.0304,2.6053,0.0739,0.0484]
TRIAVA,TRIAVA_0349.jpg,None,3,0.243,[2441.576904296875,2296.726806640625,2486.37353515625,2342.23828125],[3.8500,3.6242,0.0700,0.0711]
TRIAVA,TRIAVA_0349.jpg,None,3,0.227,[3253.82421875,468.7270812988281,3296.344970703125,510.18756103515625],[5.1173,0.7648,0.0664,0.0648]
TRIAVA,TRIAVA_0349.jpg,None,3,0.227,[4001.865966796875,1706.5621337890625,4060.9560546875,1742.2078857421875],[6.2991,2.6944,0.0923,0.0557]
TRIAVA,TRIAVA_0351.jpg,None,3,0.297,[2042.6156005859375,1213.831298828125,2086.40869140625,1265.0198974609375],[3.2258,1.9366,0.0684,0.0800]
TRIAVA,TRIAVA_0351.jpg,None,3,0.291,[1270.879638671875,13.871180534362793,1325.799560546875,64.93197631835938],[2.0287,0.0616,0.0858,0.0798]
TRIAVA,TRIAVA_0351.jpg,None,3,0.282,[121.6290054321289,1281.814208984375,181.2706756591797,1361.8333740234375],[0.2366,2.0653,0.0932,0.1250]
TRIAVA,TRIAVA_0351.jpg,None,3,0.273,[1842.362060546875,1787.8070068359375,1886.01025390625,1822.9852294921875],[2.9128,2.8209,0.0682,0.0550]
TRIAVA,TRIAVA_0351.jpg,None,3,0.264,[989.2728881835938,2196.876953125,1028.740234375,2247.557373046875],[1.5766,3.4722,0.0617,0.0792]
TRIAVA,TRIAVA_0351.jpg,None,3,0.262,[1794.2890625,1007.438720703125,1845.3868408203125,1053.4178466796875],[2.8435,1.6100,0.0798,0.0718]
TRIAVA,TRIAVA_0351.jpg,None,3,0.257,[1770.997802734375,2200.212158203125,1816.6494140625,2242.2578125],[2.8028,3.4707,0.0713,0.0657]
TRIAVA,TRIAVA_0351.jpg,None,3,0.254,[4067.162109375,1858.9422607421875,4108.86865234375,1896.7918701171875],[6.3875,2.9342,0.0652,0.0591]
TRIAVA,TRIAVA_0351.jpg,None,3,0.246,[4183.986328125,1793.3634033203125,4236.26025390625,1837.1292724609375],[6.5783,2.8363,0.0817,0.0684]
TRIAVA,TRIAVA_0351.jpg,None,3,0.244,[1143.8150634765625,1000.4608764648438,1178.25439453125,1056.5584716796875],[1.8141,1.6070,0.0538,0.0877]
TRIAVA,TRIAVA_0351.jpg,None,3,0.242,[2280.8212890625,2183.743408203125,2326.6416015625,2212.93798828125],[3.5996,3.4349,0.0716,0.0456]
TRIAVA,TRIAVA_0351.jpg,None,3,0.241,[1411.5526123046875,1333.0457763671875,1458.6864013671875,1363.8509521484375],[2.2424,2.1070,0.0736,0.0481]
TRIAVA,TRIAVA_0351.jpg,None,3,0.237,[2579.902587890625,2177.292236328125,2632.483642578125,2227.529296875],[4.0722,3.4413,0.0822,0.0785]
TRIAVA,TRIAVA_0351.jpg,None,3,0.235,[261.0727844238281,924.9368896484375,297.9459533691406,963.2044067382812],[0.4367,1.4751,0.0576,0.0598]
TRIAVA,TRIAVA_0351.jpg,None,3,0.227,[3907.87451171875,449.055419921875,3941.696533203125,482.2220153808594],[6.1325,0.7276,0.0528,0.0518]
TRIAVA,TRIAVA_0351.jpg,None,3,0.221,[1387.1522216796875,2291.27001953125,1442.0689697265625,2323.892578125],[2.2103,3.6056,0.0858,0.0510]
TRIAVA,TRIAVA_0351.jpg,None,3,0.201,[1706.4088134765625,1219.0499267578125,1739.7906494140625,1270.3865966796875],[2.6923,1.9449,0.0522,0.0802]
TRIAVA,TRIAVA_0356.jpg,None,3,0.296,[2879.2021484375,982.3832397460938,2909.928466796875,1028.3387451171875],[4.5228,1.5709,0.0480,0.0718]
TRIAVA,TRIAVA_0356.jpg,None,3,0.287,[1818.81591796875,1753.363525390625,1864.090576171875,1789.66455078125],[2.8773,2.7680,0.0707,0.0567]
TRIAVA,TRIAVA_0356.jpg,None,3,0.287,[147.48452758789062,316.68994140625,185.9151153564453,348.9714050292969],[0.2605,0.5200,0.0600,0.0504]
TRIAVA,TRIAVA_0356.jpg,None,3,0.286,[2416.67724609375,855.9501342773438,2449.3291015625,899.1356811523438],[3.8016,1.3712,0.0510,0.0675]
TRIAVA,TRIAVA_0356.jpg,None,3,0.285,[2921.40966796875,883.7926025390625,2962.0791015625,939.7727661132812],[4.5965,1.4247,0.0635,0.0875]
TRIAVA,TRIAVA_0356.jpg,None,3,0.274,[975.9073486328125,1750.56201171875,1008.9585571289062,1785.1259765625],[1.5507,2.7623,0.0516,0.0540]
TRIAVA,TRIAVA_0356.jpg,None,3,0.270,[2016.2623291015625,1038.615478515625,2061.875244140625,1072.5736083984375],[3.1860,1.6494,0.0713,0.0531]
TRIAVA,TRIAVA_0356.jpg,None,3,0.249,[1714.1876220703125,1528.3265380859375,1767.2861328125,1574.713623046875],[2.7199,2.4243,0.0830,0.0725]
TRIAVA,TRIAVA_0356.jpg,None,3,0.237,[2545.723876953125,1104.75830078125,2612.34375,1154.0869140625],[4.0297,1.7647,0.1041,0.0771]
TRIAVA,TRIAVA_0356.jpg,None,3,0.226,[1274.694580078125,1799.4359130859375,1314.02490234375,1828.9871826171875],[2.0224,2.8347,0.0615,0.0462]
TRIAVA,TRIAVA_0356.jpg,None,3,0.218,[873.9127807617188,640.6556396484375,911.7417602539062,670.6859741210938],[1.3950,1.0245,0.0591,0.0469]
TRIAVA,TRIAVA_0356.jpg,None,3,0.216,[2730.393310546875,1023.7078247070312,2765.841064453125,1064.640869140625],[4.2939,1.6315,0.0554,0.0640]
TRIAVA,TRIAVA_0356.jpg,None,3,0.209,[32.62353515625,1199.0103759765625,79.99034881591797,1241.63232421875],[0.0880,1.9068,0.0740,0.0666]
TRIAVA,TRIAVA_0356.jpg,None,3,0.201,[2302.83251953125,173.70074462890625,2384.18603515625,214.90859985351562],[3.6617,0.3036,0.1271,0.0644]
TRIAVA,TRIAVA_0356.jpg,None,3,0.201,[1710.785888671875,311.890625,1745.2452392578125,356.9850158691406],[2.7000,0.5226,0.0538,0.0705]
TRIAVA,TRIAVA_0361.jpg,None,3,0.283,[316.5882568359375,1777.684814453125,360.8243713378906,1812.7681884765625],[0.5292,2.8050,0.0691,0.0548]
TRIAVA,TRIAVA_0361.jpg,None,3,0.280,[1434.1768798828125,1506.3524169921875,1486.816162109375,1547.9205322265625],[2.2820,2.3862,0.0822,0.0650]
TRIAVA,TRIAVA_0361.jpg,None,3,0.270,[3149.468017578125,278.7259521484375,3193.302001953125,317.7028503417969],[4.9553,0.4660,0.0685,0.0609]
TRIAVA,TRIAVA_0361.jpg,None,3,0.252,[2622.176513671875,1280.3350830078125,2676.46875,1333.045654296875],[4.1396,2.0417,0.0848,0.0824]
TRIAVA,TRIAVA_0361.jpg,None,3,0.246,[1176.0128173828125,1672.39892578125,1214.225341796875,1703.4896240234375],[1.8674,2.6374,0.0597,0.0486]
TRIAVA,TRIAVA_0361.jpg,None,3,0.231,[854.2384643554688,143.87167358398438,896.6843872070312,185.51356506347656],[1.3679,0.2573,0.0663,0.0651]
TRIAVA,TRIAVA_0361.jpg,None,3,0.222,[3706.937744140625,2224.857177734375,3755.16259765625,2262.95458984375],[5.8298,3.5061,0.0754,0.0595]
TRIAVA,TRIAVA_0361.jpg,None,3,0.221,[2922.7265625,1371.356689453125,2958.517578125,1404.960205078125],[4.5947,2.1690,0.0559,0.0525]
TRIAVA,TRIAVA_0361.jpg,None,3,0.208,[1675.1759033203125,1547.620361328125,1718.7783203125,1583.3568115234375],[2.6515,2.4461,0.0681,0.0558]
TRIAVA,TRIAVA_0364.jpg,None,3,0.298,[742.3015747070312,226.6586151123047,784.5296630859375,256.6119384765625],[1.1928,0.3776,0.0660,0.0468]
TRIAVA,TRIAVA_0364.jpg,None,3,0.276,[2218.989013671875,1178.8819580078125,2263.55810546875,1208.686767578125],[3.5020,1.8653,0.0696,0.0466]
TRIAVA,TRIAVA_0364.jpg,None,3,0.268,[3703.3046875,1096.4737548828125,3752.32177734375,1129.3463134765625],[5.8247,1.7389,0.0766,0.0514]
TRIAVA,TRIAVA_0364.jpg,None,3,0.234,[948.9994506835938,427.8114318847656,998.607421875,456.04498291015625],[1.5216,0.6905,0.0775,0.0441]
TRIAVA,TRIAVA_0364.jpg,None,3,0.217,[4502.8173828125,2173.927978515625,4533.66357421875,2209.219970703125],[7.0598,3.4243,0.0482,0.0551]
TRIAVA,TRIAVA_0364.jpg,None,3,0.217,[3726.7216796875,847.695556640625,3760.555908203125,879.2193603515625],[5.8494,1.3492,0.0529,0.0493]
TRIAVA,TRIAVA_0364.jpg,None,3,0.210,[1023.5375366210938,346.9715881347656,1078.61328125,375.64453125],[1.6423,0.5645,0.0861,0.0448]
TRIAVA,TRIAVA_0364.jpg,None,3,0.201,[2466.672119140625,2195.8134765625,2509.012451171875,2227.26513671875],[3.8873,3.4555,0.0662,0.0491]
TRIAVA,TRIAVA_0365.jpg,None,3,0.297,[97.69253540039062,801.4999389648438,147.27552795410156,837.1756591796875],[0.1914,1.2802,0.0775,0.0557]
TRIAVA,TRIAVA_0365.jpg,None,3,0.296,[4124.3671875,762.5377197265625,4165.7763671875,806.9513549804688],[6.4767,1.2262,0.0647,0.0694]
TRIAVA,TRIAVA_0365.jpg,None,3,0.268,[3058.943115234375,1311.1544189453125,3110.968017578125,1339.66162109375],[4.8202,2.0710,0.0813,0.0445]
TRIAVA,TRIAVA_0365.jpg,None,3,0.263,[4097.640625,555.3110961914062,4132.2724609375,587.8540649414062],[6.4296,0.8931,0.0541,0.0508]
TRIAVA,TRIAVA_0365.jpg,None,3,0.259,[4977.10009765625,1746.035400390625,5023.4541015625,1782.90283203125],[7.8129,2.7570,0.0724,0.0576]
TRIAVA,TRIAVA_0365.jpg,None,3,0.251,[2661.737060546875,723.6881713867188,2724.895751953125,759.1411743164062],[4.2083,1.1585,0.0987,0.0554]
TRIAVA,TRIAVA_0365.jpg,None,3,0.251,[4036.623046875,1845.585205078125,4076.05078125,1881.089599609375],[6.3380,2.9115,0.0616,0.0555]
TRIAVA,TRIAVA_0365.jpg,None,3,0.204,[3936.6396484375,1616.3282470703125,3969.592041015625,1664.0455322265625],[6.1767,2.5628,0.0515,0.0746]
TRIAVA,TRIAVA_0366.jpg,None,3,0.285,[1683.33544921875,1290.4324951171875,1725.7008056640625,1320.365966796875],[2.6633,2.0397,0.0662,0.0468]
TRIAVA,TRIAVA_0366.jpg,None,3,0.278,[2341.070556640625,1493.24658203125,2389.095703125,1528.652587890625],[3.6954,2.3609,0.0750,0.0553]
TRIAVA,TRIAVA_0366.jpg,None,3,0.272,[2499.027099609375,2304.570556640625,2541.041259765625,2352.51611328125],[3.9376,3.6383,0.0656,0.0749]
TRIAVA,TRIAVA_0366.jpg,None,3,0.264,[2515.862060546875,622.2210693359375,2560.903076171875,655.8994140625],[3.9662,0.9985,0.0704,0.0526]
TRIAVA,TRIAVA_0366.jpg,None,3,0.248,[2443.2783203125,1623.1715087890625,2499.347412109375,1674.3115234375],[3.8614,2.5762,0.0876,0.0799]
TRIAVA,TRIAVA_0366.jpg,None,3,0.239,[458.06793212890625,508.5155029296875,502.9385986328125,554.3204956054688],[0.7508,0.8303,0.0701,0.0716]
TRIAVA,TRIAVA_0366.jpg,None,3,0.238,[1616.739990234375,185.4254150390625,1650.537109375,216.19635009765625],[2.5526,0.3138,0.0528,0.0481]
TRIAVA,TRIAVA_0366.jpg,None,3,0.232,[1017.6709594726562,1038.3414306640625,1089.3428955078125,1075.6787109375],[1.6461,1.6516,0.1120,0.0583]
TRIAVA,TRIAVA_0366.jpg,None,3,0.232,[3115.81787109375,298.2281799316406,3165.34765625,341.831787109375],[4.9072,0.5000,0.0774,0.0681]
TRIAVA,TRIAVA_0366.jpg,None,3,0.231,[3027.133544921875,1525.134765625,3076.572509765625,1558.8631591796875],[4.7685,2.4094,0.0772,0.0527]
TRIAVA,TRIAVA_0366.jpg,None,3,0.225,[985.8263549804688,254.45086669921875,1022.4466552734375,301.32928466796875],[1.5690,0.4342,0.0572,0.0732]
TRIAVA,TRIAVA_0366.jpg,None,3,0.209,[2082.322265625,342.7980041503906,2119.827880859375,397.254638671875],[3.2829,0.5782,0.0586,0.0851]
TRIAVA,TRIAVA_0366.jpg,None,3,0.202,[2649.38720703125,688.1588745117188,2693.166015625,735.3082885742188],[4.1739,1.1121,0.0684,0.0737]
TRIAVA,TRIAVA_0370.jpg,None,3,0.291,[3232.593505859375,791.1536865234375,3269.89404296875,849.3907470703125],[5.0801,1.2817,0.0583,0.0910]
TRIAVA,TRIAVA_0370.jpg,None,3,0.283,[4064.900146484375,340.89556884765625,4103.12255859375,393.51153564453125],[6.3813,0.5738,0.0597,0.0822]
TRIAVA,TRIAVA_0370.jpg,None,3,0.252,[4665.10693359375,1341.1171875,4699.61572265625,1372.6392822265625],[7.3162,2.1201,0.0539,0.0493]
TRIAVA,TRIAVA_0370.jpg,None,3,0.247,[3418.31689453125,1674.97021484375,3484.6220703125,1709.284423828125],[5.3929,2.6439,0.1036,0.0536]
TRIAVA,TRIAVA_0370.jpg,None,3,0.240,[1735.061767578125,1258.896484375,1768.3974609375,1294.060546875],[2.7371,1.9945,0.0521,0.0549]
TRIAVA,TRIAVA_0372.jpg,None,3,0.297,[2868.199462890625,1916.4012451171875,2923.8681640625,1987.729736328125],[4.5251,3.0501,0.0870,0.1115]
TRIAVA,TRIAVA_0372.jpg,None,3,0.297,[2774.64501953125,1541.1612548828125,2832.673583984375,1588.1927490234375],[4.3807,2.4448,0.0907,0.0735]
TRIAVA,TRIAVA_0372.jpg,None,3,0.289,[2188.5439453125,2133.214111328125,2229.328857421875,2169.13916015625],[3.4515,3.3612,0.0637,0.0561]
TRIAVA,TRIAVA_0372.jpg,None,3,0.282,[1731.32177734375,1629.2110595703125,1783.49560546875,1660.411865234375],[2.7460,2.5700,0.0815,0.0488]
TRIAVA,TRIAVA_0372.jpg,None,3,0.273,[4350.6201171875,1408.27490234375,4392.2919921875,1459.608154296875],[6.8304,2.2405,0.0651,0.0802]
TRIAVA,TRIAVA_0372.jpg,None,3,0.256,[1405.2020263671875,1428.5311279296875,1435.912109375,1476.937255859375],[2.2196,2.2699,0.0480,0.0756]
TRIAVA,TRIAVA_0372.jpg,None,3,0.243,[2214.962646484375,1743.8282470703125,2267.58251953125,1777.283203125],[3.5020,2.7509,0.0822,0.0523]
TRIAVA,TRIAVA_0372.jpg,None,3,0.241,[3251.878173828125,899.4403686523438,3282.43408203125,942.4740600585938],[5.1049,1.4390,0.0477,0.0672]
TRIAVA,TRIAVA_0372.jpg,None,3,0.220,[2742.59521484375,1735.677734375,2787.569091796875,1780.621826171875],[4.3204,2.7471,0.0703,0.0702]
TRIAVA,TRIAVA_0372.jpg,None,3,0.210,[2972.038330078125,1352.930419921875,3006.014404296875,1389.30810546875],[4.6704,2.1424,0.0531,0.0568]
TRIAVA,TRIAVA_0372.jpg,None,3,0.200,[2926.733154296875,2122.2822265625,2956.653564453125,2161.22314453125],[4.5964,3.3465,0.0468,0.0608]
TRIAVA,TRIAVA_0375.jpg,None,3,0.292,[2322.985595703125,1009.9067993164062,2383.65234375,1047.3282470703125],[3.6771,1.6072,0.0948,0.0585]
TRIAVA,TRIAVA_0375.jpg,None,3,0.260,[1413.220947265625,1403.490966796875,1468.14794921875,1431.66552734375],[2.2511,2.2150,0.0858,0.0440]
TRIAVA,TRIAVA_0375.jpg,None,3,0.253,[2112.5078125,1175.5260009765625,2148.482177734375,1236.794189453125],[3.3289,1.8846,0.0562,0.0957]
TRIAVA,TRIAVA_0375.jpg,None,3,0.229,[2260.09765625,1692.1680908203125,2296.3603515625,1752.54248046875],[3.5597,2.6912,0.0567,0.0943]
TRIAVA,TRIAVA_0378.jpg,None,3,0.291,[2562.1015625,2275.184326171875,2607.00390625,2336.905517578125],[4.0384,3.6032,0.0702,0.0964]
TRIAVA,TRIAVA_0378.jpg,None,3,0.289,[1995.1114501953125,2041.798583984375,2029.140625,2084.723388671875],[3.1439,3.2238,0.0532,0.0671]
TRIAVA,TRIAVA_0378.jpg,None,3,0.287,[2882.47705078125,1002.1617431640625,2924.876708984375,1049.594482421875],[4.5370,1.6029,0.0662,0.0741]
TRIAVA,TRIAVA_0378.jpg,None,3,0.278,[2797.759765625,1023.3440551757812,2855.1494140625,1059.0723876953125],[4.4163,1.6269,0.0897,0.0558]
TRIAVA,TRIAVA_0378.jpg,None,3,0.277,[2762.9443359375,1393.2896728515625,2796.2958984375,1445.36572265625],[4.3432,2.2177,0.0521,0.0814]
TRIAVA,TRIAVA_0378.jpg,None,3,0.276,[2469.1884765625,1228.647705078125,2510.231689453125,1254.732177734375],[3.8902,1.9401,0.0641,0.0408]
TRIAVA,TRIAVA_0378.jpg,None,3,0.273,[2525.11669921875,2151.181884765625,2564.689453125,2189.03173828125],[3.9764,3.3908,0.0618,0.0591]
TRIAVA,TRIAVA_0378.jpg,None,3,0.269,[2728.04736328125,1121.956298828125,2773.03271484375,1171.3463134765625],[4.2977,1.7916,0.0703,0.0772]
TRIAVA,TRIAVA_0378.jpg,None,3,0.263,[3738.563720703125,525.6310424804688,3780.165771484375,559.6465454101562],[5.8740,0.8479,0.0650,0.0531]
TRIAVA,TRIAVA_0378.jpg,None,3,0.261,[1600.458251953125,524.8114624023438,1658.74951171875,554.9950561523438],[2.5463,0.8436,0.0911,0.0472]
TRIAVA,TRIAVA_0378.jpg,None,3,0.257,[2455.77099609375,1833.53125,2491.49462890625,1894.2974853515625],[3.8651,2.9124,0.0558,0.0949]
TRIAVA,TRIAVA_0378.jpg,None,3,0.256,[1812.0595703125,1631.05517578125,1863.78662109375,1661.555419921875],[2.8718,2.5724,0.0808,0.0477]
TRIAVA,TRIAVA_0378.jpg,None,3,0.232,[3569.93603515625,256.8939514160156,3618.0185546875,301.45263671875],[5.6156,0.4362,0.0751,0.0696]
TRIAVA,TRIAVA_0378.jpg,None,3,0.223,[624.0911865234375,1009.759521484375,663.0628051757812,1063.68212890625],[1.0056,1.6199,0.0609,0.0843]
TRIAVA,TRIAVA_0378.jpg,None,3,0.220,[1743.493896484375,411.19110107421875,1801.2730712890625,454.6010437011719],[2.7693,0.6764,0.0903,0.0678]
TRIAVA,TRIAVA_0378.jpg,None,3,0.217,[1987.498046875,1664.177978515625,2047.0179443359375,1696.4375],[3.1520,2.6255,0.0930,0.0504]
TRIAVA,TRIAVA_0378.jpg,None,3,0.216,[676.3443603515625,243.66322326660156,709.2404174804688,287.1634521484375],[1.0825,0.4147,0.0514,0.0680]
TRIAVA,TRIAVA_0378.jpg,None,3,0.215,[2757.310791015625,959.21240234375,2793.5810546875,987.2279052734375],[4.3366,1.5207,0.0567,0.0438]
TRIAVA,TRIAVA_0378.jpg,None,3,0.214,[1329.6827392578125,1595.5262451171875,1397.003173828125,1636.3564453125],[2.1302,2.5249,0.1052,0.0638]
TRIAVA,TRIAVA_0378.jpg,None,3,0.205,[2295.0498046875,1633.6246337890625,2352.68017578125,1667.4261474609375],[3.6310,2.5789,0.0900,0.0528]
TRIAVA,TRIAVA_0378.jpg,None,3,0.204,[1426.80908203125,2246.341796875,1466.0042724609375,2285.44482421875],[2.2600,3.5405,0.0612,0.0611]
TRIAVA,TRIAVA_0381.jpg,None,3,0.286,[2433.2685546875,1839.617431640625,2487.897705078125,1871.734619140625],[3.8447,2.8995,0.0854,0.0502]
TRIAVA,TRIAVA_0381.jpg,None,3,0.270,[670.8514404296875,1998.5396728515625,704.5448608398438,2030.4979248046875],[1.0745,3.1477,0.0526,0.0499]
TRIAVA,TRIAVA_0381.jpg,None,3,0.266,[873.1234741210938,1650.6136474609375,914.588623046875,1683.6888427734375],[1.3967,2.6049,0.0648,0.0517]
TRIAVA,TRIAVA_0381.jpg,None,3,0.263,[4881.64599609375,440.2113342285156,4917.482421875,469.97802734375],[7.6556,0.7111,0.0560,0.0465]
TRIAVA,TRIAVA_0381.jpg,None,3,0.262,[1933.389404296875,1663.048095703125,1979.1661376953125,1696.532958984375],[3.0567,2.6247,0.0715,0.0523]
TRIAVA,TRIAVA_0381.jpg,None,3,0.229,[1724.4019775390625,1049.3572998046875,1795.685791015625,1091.1695556640625],[2.7501,1.6723,0.1114,0.0653]
TRIAVA,TRIAVA_0384.jpg,None,3,0.298,[4373.11083984375,785.8491821289062,4405.96923828125,821.6381225585938],[6.8587,1.2558,0.0513,0.0559]
TRIAVA,TRIAVA_0384.jpg,None,3,0.274,[3776.197265625,773.0360717773438,3839.436767578125,809.0796508789062],[5.9497,1.2360,0.0988,0.0563]
TRIAVA,TRIAVA_0384.jpg,None,3,0.263,[3918.3955078125,106.42241668701172,3959.794921875,140.27442932128906],[6.1548,0.1927,0.0647,0.0529]
TRIAVA,TRIAVA_0384.jpg,None,3,0.261,[1129.957275390625,74.99217224121094,1179.0589599609375,110.01334381103516],[1.8039,0.1445,0.0767,0.0547]
TRIAVA,TRIAVA_0384.jpg,None,3,0.258,[413.0498962402344,829.8373413085938,455.5688781738281,868.6668090820312],[0.6786,1.3270,0.0664,0.0607]
TRIAVA,TRIAVA_0384.jpg,None,3,0.230,[4432.10302734375,861.7821044921875,4477.82958984375,905.9017333984375],[6.9609,1.3810,0.0714,0.0689]
TRIAVA,TRIAVA_0384.jpg,None,3,0.228,[1471.937744140625,1127.2197265625,1525.57958984375,1177.759033203125],[2.3418,1.8008,0.0838,0.0790]
TRIAVA,TRIAVA_0384.jpg,None,3,0.220,[1461.794677734375,386.831787109375,1498.8140869140625,420.8548889160156],[2.3130,0.6310,0.0578,0.0532]
TRIAVA,TRIAVA_0384.jpg,None,3,0.210,[106.99440002441406,1156.570556640625,155.588623046875,1190.7635498046875],[0.2051,1.8339,0.0759,0.0534]
TRIAVA,TRIAVA_0384.jpg,None,3,0.209,[671.0771484375,446.2440185546875,732.3838500976562,482.5785217285156],[1.0965,0.7256,0.0958,0.0568]
TRIAVA,TRIAVA_0429.jpg,None,3,0.300,[658.5902709960938,2346.41845703125,692.8737182617188,2383.8330078125],[1.0558,3.6955,0.0536,0.0585]
TRIAVA,TRIAVA_0429.jpg,None,3,0.287,[1501.516845703125,986.1177368164062,1550.554931640625,1019.3661499023438],[2.3844,1.5668,0.0766,0.0520]
TRIAVA,TRIAVA_0429.jpg,None,3,0.277,[2219.882568359375,501.9173889160156,2266.654541015625,543.5110473632812],[3.5051,0.8167,0.0731,0.0650]
TRIAVA,TRIAVA_0429.jpg,None,3,0.269,[1825.623046875,815.5401611328125,1880.8033447265625,850.4288940429688],[2.8956,1.3015,0.0862,0.0545]
TRIAVA,TRIAVA_0429.jpg,None,3,0.261,[1648.4661865234375,990.9752197265625,1709.80224609375,1030.717529296875],[2.6236,1.5794,0.0958,0.0621]
TRIAVA,TRIAVA_0429.jpg,None,3,0.261,[1742.9984130859375,1003.1652221679688,1799.389404296875,1036.03515625],[2.7675,1.5931,0.0881,0.0514]
TRIAVA,TRIAVA_0429.jpg,None,3,0.244,[557.0332641601562,38.284217834472656,587.9541625976562,82.14094543457031],[0.8945,0.0941,0.0483,0.0685]
TRIAVA,TRIAVA_0429.jpg,None,3,0.237,[840.3297729492188,1974.00830078125,903.008544921875,2005.2080078125],[1.3620,3.1088,0.0979,0.0487]
TRIAVA,TRIAVA_0429.jpg,None,3,0.235,[1116.5159912109375,1785.356689453125,1179.925048828125,1821.9822998046875],[1.7941,2.8182,0.0991,0.0572]
TRIAVA,TRIAVA_0429.jpg,None,3,0.233,[4552.82421875,2087.28857421875,4591.2822265625,2136.125244140625],[7.1438,3.2995,0.0601,0.0763]
TRIAVA,TRIAVA_0429.jpg,None,3,0.232,[3291.4365234375,887.1525268554688,3344.19482421875,920.8994750976562],[5.1841,1.4125,0.0824,0.0527]
TRIAVA,TRIAVA_0429.jpg,None,3,0.231,[1658.5321044921875,1222.77880859375,1700.0390625,1259.9932861328125],[2.6239,1.9397,0.0649,0.0581]
TRIAVA,TRIAVA_0429.jpg,None,3,0.226,[2001.34033203125,1461.202880859375,2035.8101806640625,1506.5172119140625],[3.1540,2.3185,0.0539,0.0708]
TRIAVA,TRIAVA_0429.jpg,None,3,0.222,[1751.852783203125,750.0553588867188,1801.3414306640625,788.7841796875],[2.7759,1.2022,0.0773,0.0605]
TRIAVA,TRIAVA_0429.jpg,None,3,0.219,[1656.9208984375,1643.575927734375,1724.1041259765625,1673.9837646484375],[2.6414,2.5918,0.1050,0.0475]
TRIAVA,TRIAVA_0429.jpg,None,3,0.216,[1222.4488525390625,2328.08544921875,1253.8741455078125,2383.849853515625],[1.9346,3.6812,0.0491,0.0871]
TRIAVA,TRIAVA_0429.jpg,None,3,0.214,[226.75045776367188,8.40085506439209,275.4877624511719,43.92548751831055],[0.3924,0.0409,0.0762,0.0555]
TRIAVA,TRIAVA_0429.jpg,None,3,0.211,[3357.26611328125,1420.499755859375,3436.552490234375,1465.4482421875],[5.3077,2.2546,0.1239,0.0702]
TRIAVA,TRIAVA_0429.jpg,None,3,0.210,[1262.6226806640625,54.306758880615234,1329.8800048828125,90.73239135742188],[2.0254,0.1133,0.1051,0.0569]
TRIAVA,TRIAVA_0429.jpg,None,3,0.207,[2958.306396484375,726.7922973632812,3012.951904296875,758.3394775390625],[4.6650,1.1603,0.0854,0.0493]
TRIAVA,TRIAVA_0429.jpg,None,3,0.204,[4461.05712890625,1545.96533203125,4499.69189453125,1594.7401123046875],[7.0006,2.4537,0.0604,0.0762]
TRIAVA,TRIAVA_0429.jpg,None,3,0.204,[2089.625244140625,1777.4080810546875,2121.046630859375,1818.02294921875],[3.2896,2.8089,0.0491,0.0635]
TRIAVA,TRIAVA_0429.jpg,None,3,0.203,[1514.7618408203125,1186.47705078125,1549.5146484375,1229.37939453125],[2.3940,1.8874,0.0543,0.0670]
TRIAVA,TRIAVA_0433.jpg,None,3,0.293,[2180.775634765625,1480.439697265625,2229.52099609375,1523.069580078125],[3.4455,2.3465,0.0762,0.0666]
TRIAVA,TRIAVA_0433.jpg,None,3,0.292,[571.8604736328125,2128.04931640625,608.9966430664062,2177.831787109375],[0.9225,3.3640,0.0580,0.0778]
TRIAVA,TRIAVA_0433.jpg,None,3,0.291,[2335.57666015625,1950.6695556640625,2380.524169921875,1992.1004638671875],[3.6845,3.0803,0.0702,0.0647]
TRIAVA,TRIAVA_0433.jpg,None,3,0.277,[1773.666748046875,1295.1890869140625,1810.5052490234375,1343.9869384765625],[2.8001,2.0619,0.0576,0.0762]
TRIAVA,TRIAVA_0433.jpg,None,3,0.267,[2241.924560546875,1585.81640625,2286.61328125,1620.8262939453125],[3.5379,2.5052,0.0698,0.0547]
TRIAVA,TRIAVA_0433.jpg,None,3,0.255,[1659.88525390625,2027.9752197265625,1713.5457763671875,2061.287109375],[2.6355,3.1947,0.0838,0.0520]
TRIAVA,TRIAVA_0433.jpg,None,3,0.248,[5839.83056640625,422.34228515625,5879.7119140625,452.24505615234375],[9.1559,0.6833,0.0623,0.0467]
TRIAVA,TRIAVA_0433.jpg,None,3,0.243,[2100.590087890625,1293.466552734375,2164.864013671875,1341.8580322265625],[3.3324,2.0588,0.1004,0.0756]
TRIAVA,TRIAVA_0433.jpg,None,3,0.219,[1732.6695556640625,2023.244873046875,1785.571533203125,2060.26220703125],[2.7486,3.1902,0.0827,0.0578]
TRIAVA,TRIAVA_0433.jpg,None,3,0.217,[4488.9638671875,1300.09375,4523.2060546875,1357.2596435546875],[7.0408,2.0761,0.0535,0.0893]
TRIAVA,TRIAVA_0433.jpg,None,3,0.213,[2574.700927734375,2209.1806640625,2642.672607421875,2250.391845703125],[4.0761,3.4840,0.1062,0.0644]
TRIAVA,TRIAVA_0433.jpg,None,3,0.212,[2625.708251953125,1355.668701171875,2684.781982421875,1386.34130859375],[4.1488,2.1422,0.0923,0.0479]
TRIAVA,TRIAVA_0433.jpg,None,3,0.205,[1355.689208984375,418.7077941894531,1397.956298828125,466.86474609375],[2.1513,0.6919,0.0660,0.0752]
TRIAVA,TRIAVA_0433.jpg,None,3,0.204,[1765.58056640625,588.9059448242188,1813.1671142578125,626.1714477539062],[2.7959,0.9493,0.0744,0.0582]
TRIAVA,TRIAVA_0433.jpg,None,3,0.200,[2772.484130859375,0.0,2819.403564453125,29.771623611450195],[4.3687,0.0233,0.0733,0.0465]
TRIAVA,TRIAVA_0445.jpg,None,3,0.299,[3974.968505859375,1217.4725341796875,4009.77685546875,1275.0174560546875],[6.2381,1.9473,0.0544,0.0899]
TRIAVA,TRIAVA_0445.jpg,None,3,0.297,[1768.234130859375,2139.532470703125,1821.717041015625,2195.0078125],[2.8046,3.3864,0.0836,0.0867]
TRIAVA,TRIAVA_0445.jpg,None,3,0.295,[3616.9521484375,1102.9024658203125,3676.087646484375,1137.945556640625],[5.6977,1.7507,0.0924,0.0548]
TRIAVA,TRIAVA_0445.jpg,None,3,0.282,[4018.3271484375,303.8900451660156,4058.511962890625,359.5214538574219],[6.3100,0.5183,0.0628,0.0869]
TRIAVA,TRIAVA_0445.jpg,None,3,0.281,[3389.64111328125,1342.994873046875,3460.546142578125,1384.253662109375],[5.3517,2.1307,0.1108,0.0645]
TRIAVA,TRIAVA_0445.jpg,None,3,0.278,[2814.286376953125,284.97247314453125,2915.70361328125,356.8200378417969],[4.4766,0.5014,0.1585,0.1123]
TRIAVA,TRIAVA_0445.jpg,None,3,0.272,[4295.78857421875,654.201416015625,4342.43017578125,688.7366333007812],[6.7486,1.0492,0.0729,0.0540]
TRIAVA,TRIAVA_0445.jpg,None,3,0.270,[3715.06982421875,1614.5487060546875,3785.376953125,1665.9373779296875],[5.8597,2.5629,0.1099,0.0803]
TRIAVA,TRIAVA_0445.jpg,None,3,0.267,[3446.02587890625,1411.942626953125,3484.574951171875,1451.0172119140625],[5.4145,2.2367,0.0602,0.0611]
TRIAVA,TRIAVA_0445.jpg,None,3,0.247,[1876.474365234375,1176.696533203125,1907.5006103515625,1232.7269287109375],[2.9562,1.8824,0.0485,0.0875]
TRIAVA,TRIAVA_0445.jpg,None,3,0.245,[3354.0732421875,463.23577880859375,3396.648193359375,528.4814453125],[5.2740,0.7748,0.0665,0.1019]
TRIAVA,TRIAVA_0445.jpg,None,3,0.243,[2718.64892578125,336.4608459472656,2770.175537109375,378.6458740234375],[4.2881,0.5587,0.0805,0.0659]
TRIAVA,TRIAVA_0445.jpg,None,3,0.237,[3016.20556640625,619.1192626953125,3055.083984375,671.0283203125],[4.7432,1.0079,0.0607,0.0811]
TRIAVA,TRIAVA_0445.jpg,None,3,0.235,[2369.34912109375,748.162353515625,2406.506103515625,801.6961669921875],[3.7311,1.2108,0.0581,0.0836]
TRIAVA,TRIAVA_0445.jpg,None,3,0.233,[2481.52978515625,748.8346557617188,2542.845703125,790.6458129882812],[3.9253,1.2027,0.0958,0.0653]
TRIAVA,TRIAVA_0445.jpg,None,3,0.230,[3244.26416015625,615.114501953125,3288.60595703125,642.76953125],[5.1038,0.9827,0.0693,0.0432]
TRIAVA,TRIAVA_0445.jpg,None,3,0.211,[2042.2642822265625,1653.75146484375,2079.302001953125,1720.4449462890625],[3.2200,2.6361,0.0579,0.1042]
TRIAVA,TRIAVA_0454.jpg,None,3,0.284,[315.4909973144531,1018.685791015625,364.04815673828125,1051.7271728515625],[0.5309,1.6175,0.0759,0.0516]
TRIAVA,TRIAVA_0454.jpg,None,3,0.281,[47.762550354003906,406.4404296875,101.51261138916016,445.4967956542969],[0.1166,0.6656,0.0840,0.0610]
TRIAVA,TRIAVA_0454.jpg,None,3,0.279,[1700.6781005859375,1509.1207275390625,1756.3819580078125,1538.4840087890625],[2.7008,2.3809,0.0870,0.0459]
TRIAVA,TRIAVA_0454.jpg,None,3,0.277,[874.8295288085938,1042.6640625,930.0319213867188,1077.6439208984375],[1.4100,1.6565,0.0863,0.0547]
TRIAVA,TRIAVA_0454.jpg,None,3,0.270,[3309.769287109375,1912.19775390625,3339.458251953125,1955.6868896484375],[5.1947,3.0218,0.0464,0.0680]
TRIAVA,TRIAVA_0454.jpg,None,3,0.268,[3297.994873046875,1680.9986572265625,3368.56884765625,1728.5269775390625],[5.2083,2.6637,0.1103,0.0743]
TRIAVA,TRIAVA_0454.jpg,None,3,0.252,[1215.1199951171875,2241.758544921875,1284.7159423828125,2278.358642578125],[1.9530,3.5313,0.1087,0.0572]
TRIAVA,TRIAVA_0454.jpg,None,3,0.252,[2322.475341796875,1215.154296875,2366.906494140625,1260.9139404296875],[3.6636,1.9344,0.0694,0.0715]
TRIAVA,TRIAVA_0454.jpg,None,3,0.246,[3303.635009765625,1749.9161376953125,3365.52197265625,1799.8619384765625],[5.2103,2.7733,0.0967,0.0780]
TRIAVA,TRIAVA_0454.jpg,None,3,0.234,[2364.767333984375,711.1707153320312,2423.32763671875,744.4833984375],[3.7407,1.1372,0.0915,0.0521]
TRIAVA,TRIAVA_0454.jpg,None,3,0.219,[2091.03857421875,2343.470703125,2161.15185546875,2383.52490234375],[3.3220,3.6930,0.1096,0.0626]
TRIAVA,TRIAVA_0454.jpg,None,3,0.216,[3576.621826171875,2015.693603515625,3609.62451171875,2057.0458984375],[5.6143,3.1818,0.0516,0.0646]
TRIAVA,TRIAVA_0454.jpg,None,3,0.207,[2161.55029296875,1120.8189697265625,2193.239013671875,1153.4117431640625],[3.4022,1.7767,0.0495,0.0509]
TRIAVA,TRIAVA_0454.jpg,None,3,0.206,[2448.216064453125,1097.2276611328125,2512.5283203125,1139.8238525390625],[3.8756,1.7477,0.1005,0.0666]
TRIAVA,TRIAVA_0454.jpg,None,3,0.204,[3043.5126953125,1847.021728515625,3096.56689453125,1893.16259765625],[4.7969,2.9220,0.0829,0.0721]
TRIAVA,TRIAVA_0460.jpg,None,3,0.296,[3692.916748046875,408.3997497558594,3736.378173828125,443.1907043457031],[5.8041,0.6653,0.0679,0.0544]
TRIAVA,TRIAVA_0460.jpg,None,3,0.285,[1948.44482421875,854.29443359375,1987.2880859375,891.1309204101562],[3.0748,1.3636,0.0607,0.0576]
TRIAVA,TRIAVA_0460.jpg,None,3,0.277,[3350.24169921875,560.078125,3398.542236328125,601.800048828125],[5.2725,0.9077,0.0755,0.0652]
TRIAVA,TRIAVA_0460.jpg,None,3,0.276,[1048.95068359375,1184.764892578125,1088.4720458984375,1239.5706787109375],[1.6699,1.8940,0.0618,0.0856]
TRIAVA,TRIAVA_0460.jpg,None,3,0.270,[2653.42919921875,1917.4102783203125,2698.882568359375,1944.68505859375],[4.1815,3.0173,0.0710,0.0426]
TRIAVA,TRIAVA_0460.jpg,None,3,0.256,[1576.8087158203125,1985.2001953125,1619.0535888671875,2010.636962890625],[2.4968,3.1217,0.0660,0.0397]
TRIAVA,TRIAVA_0460.jpg,None,3,0.255,[3461.737548828125,2233.10791015625,3514.2080078125,2274.604736328125],[5.4500,3.5217,0.0820,0.0648]
TRIAVA,TRIAVA_0460.jpg,None,3,0.254,[2122.479248046875,750.0966796875,2156.963134765625,789.6950073242188],[3.3433,1.2030,0.0539,0.0619]
TRIAVA,TRIAVA_0460.jpg,None,3,0.253,[284.5715026855469,335.853271484375,329.7153625488281,367.864990234375],[0.4799,0.5498,0.0705,0.0500]
TRIAVA,TRIAVA_0460.jpg,None,3,0.245,[3674.84228515625,800.5961303710938,3724.759765625,833.3779296875],[5.7809,1.2765,0.0780,0.0512]
TRIAVA,TRIAVA_0460.jpg,None,3,0.225,[2065.1025390625,1498.132080078125,2120.47119140625,1527.08984375],[3.2700,2.3635,0.0865,0.0452]
TRIAVA,TRIAVA_0460.jpg,None,3,0.209,[4967.5283203125,774.5905151367188,5002.55029296875,826.3360595703125],[7.7891,1.2507,0.0547,0.0809]
TRIAVA,TRIAVA_0460.jpg,None,3,0.204,[295.5434265136719,1835.67333984375,328.5912170410156,1866.4757080078125],[0.4876,2.8923,0.0516,0.0481]
TRIAVA,TRIAVA_0466.jpg,None,3,0.288,[1795.1612548828125,2208.1318359375,1854.9427490234375,2242.5087890625],[2.8516,3.4771,0.0934,0.0537]
TRIAVA,TRIAVA_0466.jpg,None,3,0.288,[435.3831481933594,1187.543212890625,494.4413146972656,1219.8447265625],[0.7264,1.8808,0.0923,0.0505]
TRIAVA,TRIAVA_0466.jpg,None,3,0.286,[577.1953125,231.03955078125,617.4719848632812,278.0751037597656],[0.9333,0.3977,0.0629,0.0735]
TRIAVA,TRIAVA_0466.jpg,None,3,0.278,[1337.406005859375,2108.11181640625,1371.9462890625,2173.128173828125],[2.1167,3.3447,0.0540,0.1016]
TRIAVA,TRIAVA_0466.jpg,None,3,0.274,[1044.5987548828125,472.84918212890625,1070.12548828125,508.8351745605469],[1.6521,0.7669,0.0399,0.0562]
TRIAVA,TRIAVA_0466.jpg,None,3,0.253,[484.9123229980469,1705.5736083984375,536.3262329101562,1740.05908203125],[0.7978,2.6919,0.0803,0.0539]
TRIAVA,TRIAVA_0466.jpg,None,3,0.226,[3957.542236328125,1117.106689453125,4014.603271484375,1148.994873046875],[6.2282,1.7704,0.0892,0.0498]
TRIAVA,TRIAVA_0466.jpg,None,3,0.222,[1515.151611328125,1345.451904296875,1561.0078125,1381.5643310546875],[2.4032,2.1305,0.0717,0.0564]
TRIAVA,TRIAVA_0466.jpg,None,3,0.219,[1999.8753662109375,2012.63134765625,2032.2412109375,2068.978759765625],[3.1501,3.1888,0.0506,0.0880]
TRIAVA,TRIAVA_0466.jpg,None,3,0.216,[157.371826171875,2147.937255859375,189.56944274902344,2173.59033203125],[0.2710,3.3762,0.0503,0.0401]
TRIAVA,TRIAVA_0466.jpg,None,3,0.212,[1891.488525390625,548.1122436523438,1930.7935791015625,597.9701538085938],[2.9862,0.8954,0.0614,0.0779]
TRIAVA,TRIAVA_0466.jpg,None,3,0.206,[1018.6783447265625,1323.9803466796875,1053.849365234375,1402.7034912109375],[1.6192,2.1302,0.0550,0.1230]
TRIAVA,TRIAVA_0466.jpg,None,3,0.205,[1898.551513671875,1283.007080078125,1939.1678466796875,1316.049560546875],[2.9982,2.0305,0.0635,0.0516]
TRIAVA,TRIAVA_0466.jpg,None,3,0.203,[2516.40771484375,1698.516357421875,2545.20654296875,1741.025146484375],[3.9544,2.6871,0.0450,0.0664]
TRIAVA,TRIAVA_0469.jpg,None,3,0.282,[4084.654296875,2229.07470703125,4133.84912109375,2277.79443359375],[6.4207,3.5210,0.0769,0.0761]
TRIAVA,TRIAVA_0469.jpg,None,3,0.276,[2436.27294921875,2239.042236328125,2466.166015625,2290.919921875],[3.8300,3.5390,0.0467,0.0811]
TRIAVA,TRIAVA_0469.jpg,None,3,0.251,[1853.4354248046875,338.7735290527344,1914.7430419921875,379.760009765625],[2.9439,0.5614,0.0958,0.0640]
TRIAVA,TRIAVA_0469.jpg,None,3,0.231,[2261.09912109375,497.5245056152344,2306.279296875,555.9977416992188],[3.5683,0.8231,0.0706,0.0914]
TRIAVA,TRIAVA_0469.jpg,None,3,0.229,[2928.761962890625,1475.429443359375,2990.62744140625,1509.468017578125],[4.6245,2.3320,0.0967,0.0532]
TRIAVA,TRIAVA_0469.jpg,None,3,0.218,[853.9620971679688,1098.7279052734375,882.9620361328125,1134.8677978515625],[1.3570,1.7450,0.0453,0.0565]
TRIAVA,TRIAVA_0469.jpg,None,3,0.201,[3995.864990234375,1354.2198486328125,4037.717529296875,1408.720458984375],[6.2762,2.1585,0.0654,0.0852]
TRIAVA,TRIAVA_0469.jpg,None,3,0.201,[3038.060546875,1950.689453125,3085.507568359375,1981.885986328125],[4.7840,3.0723,0.0741,0.0487]
TRIAVA,TRIAVA_0470.jpg,None,3,0.296,[2956.2802734375,922.9552612304688,3017.415771484375,960.8531494140625],[4.6670,1.4717,0.0955,0.0592]
TRIAVA,TRIAVA_0470.jpg,None,3,0.265,[1654.011962890625,935.2310180664062,1703.257080078125,991.872314453125],[2.6229,1.5055,0.0769,0.0885]
TRIAVA,TRIAVA_0470.jpg,None,3,0.264,[3641.09033203125,700.584716796875,3666.889892578125,730.956787109375],[5.7094,1.1184,0.0403,0.0475]
TRIAVA,TRIAVA_0470.jpg,None,3,0.252,[1908.144287109375,790.1815185546875,1950.4940185546875,852.2208862304688],[3.0146,1.2831,0.0662,0.0969]
TRIAVA,TRIAVA_0470.jpg,None,3,0.248,[3403.8193359375,1611.8909912109375,3452.105712890625,1641.0382080078125],[5.3562,2.5414,0.0754,0.0455]
TRIAVA,TRIAVA_0470.jpg,None,3,0.233,[3678.080078125,1792.2171630859375,3723.253662109375,1832.270263671875],[5.7823,2.8316,0.0706,0.0626]
TRIAVA,TRIAVA_0470.jpg,None,3,0.229,[2648.368408203125,629.6185913085938,2694.910888671875,658.8694458007812],[4.1744,1.0066,0.0727,0.0457]
TRIAVA,TRIAVA_0470.jpg,None,3,0.221,[1995.4744873046875,1647.4906005859375,2025.1051025390625,1684.7132568359375],[3.1411,2.6033,0.0463,0.0582]
TRIAVA,TRIAVA_0470.jpg,None,3,0.217,[5020.40869140625,794.7385864257812,5047.701171875,832.2373657226562],[7.8657,1.2711,0.0426,0.0586]
TRIAVA,TRIAVA_0472.jpg,None,3,0.299,[3916.85595703125,2085.662109375,3944.3623046875,2130.356201171875],[6.1416,3.2938,0.0430,0.0698]
TRIAVA,TRIAVA_0472.jpg,None,3,0.270,[3674.414794921875,2131.29833984375,3714.01611328125,2167.779052734375],[5.7722,3.3587,0.0619,0.0570]
TRIAVA,TRIAVA_0472.jpg,None,3,0.266,[2898.731689453125,2057.19970703125,2951.8134765625,2084.653564453125],[4.5707,3.2358,0.0829,0.0429]
TRIAVA,TRIAVA_0472.jpg,None,3,0.257,[3359.774658203125,1279.197265625,3400.218017578125,1328.5654296875],[5.2812,2.0373,0.0632,0.0771]
TRIAVA,TRIAVA_0472.jpg,None,3,0.250,[3811.69970703125,1322.9212646484375,3848.74462890625,1352.2742919921875],[5.9847,2.0900,0.0579,0.0459]
TRIAVA,TRIAVA_0472.jpg,None,3,0.248,[3559.264892578125,1297.7374267578125,3608.68603515625,1336.7724609375],[5.6000,2.0582,0.0772,0.0610]
TRIAVA,TRIAVA_0472.jpg,None,3,0.244,[3377.531005859375,433.2765197753906,3427.78955078125,487.697509765625],[5.3167,0.7195,0.0785,0.0850]
TRIAVA,TRIAVA_0472.jpg,None,3,0.234,[1440.39990234375,655.3624877929688,1476.3958740234375,693.3263549804688],[2.2787,1.0537,0.0562,0.0593]
TRIAVA,TRIAVA_0472.jpg,None,3,0.212,[3504.841796875,1352.7960205078125,3552.277099609375,1392.1656494140625],[5.5134,2.1445,0.0741,0.0615]
TRIAVA,TRIAVA_0472.jpg,None,3,0.208,[596.6538696289062,2282.971435546875,633.973388671875,2312.79736328125],[0.9614,3.5904,0.0583,0.0466]
TRIAVA,TRIAVA_0475.jpg,None,3,0.290,[419.1048889160156,1411.92236328125,454.941650390625,1440.7408447265625],[0.6828,2.2286,0.0560,0.0450]
TRIAVA,TRIAVA_0475.jpg,None,3,0.283,[827.7208251953125,729.039306640625,874.9696655273438,757.8785400390625],[1.3302,1.1617,0.0738,0.0451]
TRIAVA,TRIAVA_0475.jpg,None,3,0.272,[1553.6083984375,2128.590087890625,1622.550537109375,2170.0830078125],[2.4814,3.3583,0.1077,0.0648]
TRIAVA,TRIAVA_0475.jpg,None,3,0.271,[579.41943359375,1962.9324951171875,620.5985107421875,1989.208984375],[0.9375,3.0876,0.0643,0.0411]
TRIAVA,TRIAVA_0475.jpg,None,3,0.260,[3458.455322265625,1242.79296875,3497.60595703125,1292.3443603515625],[5.4344,1.9806,0.0612,0.0774]
TRIAVA,TRIAVA_0475.jpg,None,3,0.259,[4520.05078125,778.7867431640625,4556.07666015625,806.3685302734375],[7.0907,1.2384,0.0563,0.0431]
TRIAVA,TRIAVA_0475.jpg,None,3,0.257,[3584.4384765625,2009.974609375,3620.385009765625,2048.24755859375],[5.6288,3.1705,0.0562,0.0598]
TRIAVA,TRIAVA_0475.jpg,None,3,0.255,[1893.1435546875,1584.9224853515625,1940.8677978515625,1642.279052734375],[2.9953,2.5213,0.0746,0.0896]
TRIAVA,TRIAVA_0475.jpg,None,3,0.253,[417.087646484375,1580.2451171875,472.8168029785156,1609.403564453125],[0.6952,2.4919,0.0871,0.0456]
TRIAVA,TRIAVA_0475.jpg,None,3,0.244,[434.5443115234375,848.1435546875,467.36944580078125,878.6907348632812],[0.7046,1.3491,0.0513,0.0477]
TRIAVA,TRIAVA_0475.jpg,None,3,0.243,[1722.796875,1762.8326416015625,1787.1134033203125,1805.4530029296875],[2.7421,2.7877,0.1005,0.0666]
TRIAVA,TRIAVA_0475.jpg,None,3,0.240,[2378.43212890625,2217.326416015625,2425.548828125,2280.3916015625],[3.7531,3.5138,0.0736,0.0985]
TRIAVA,TRIAVA_0475.jpg,None,3,0.229,[963.8226318359375,463.5753173828125,1003.6063232421875,502.5634460449219],[1.5371,0.7548,0.0622,0.0609]
TRIAVA,TRIAVA_0475.jpg,None,3,0.216,[1163.12548828125,1417.6080322265625,1210.8719482421875,1446.1275634765625],[1.8547,2.2373,0.0746,0.0446]
TRIAVA,TRIAVA_0475.jpg,None,3,0.215,[434.2056579589844,688.992919921875,485.4624328613281,716.5771484375],[0.7185,1.0981,0.0801,0.0431]
TRIAVA,TRIAVA_0475.jpg,None,3,0.214,[2405.565185546875,1418.5162353515625,2443.2275390625,1461.22900390625],[3.7881,2.2498,0.0588,0.0667]
TRIAVA,TRIAVA_0475.jpg,None,3,0.208,[2349.97216796875,1335.021728515625,2399.491943359375,1362.7103271484375],[3.7105,2.1076,0.0774,0.0433]
TRIAVA,TRIAVA_0477.jpg,None,3,0.293,[2382.90673828125,1544.6258544921875,2415.393798828125,1594.387451171875],[3.7487,2.4524,0.0508,0.0778]
TRIAVA,TRIAVA_0477.jpg,None,3,0.284,[202.03297424316406,1825.1981201171875,245.9400177001953,1850.9222412109375],[0.3500,2.8720,0.0686,0.0402]
TRIAVA,TRIAVA_0477.jpg,None,3,0.280,[762.9462890625,2050.317626953125,805.5377197265625,2103.631591796875],[1.2254,3.2453,0.0665,0.0833]
TRIAVA,TRIAVA_0477.jpg,None,3,0.277,[2126.648193359375,1081.046630859375,2163.51611328125,1141.7762451171875],[3.3517,1.7366,0.0576,0.0949]
TRIAVA,TRIAVA_0477.jpg,None,3,0.274,[2030.286865234375,261.5781555175781,2065.81396484375,318.569580078125],[3.2001,0.4532,0.0555,0.0890]
TRIAVA,TRIAVA_0477.jpg,None,3,0.254,[1123.138671875,1707.093505859375,1187.18310546875,1743.2840576171875],[1.8049,2.6956,0.1001,0.0565]
TRIAVA,TRIAVA_0477.jpg,None,3,0.240,[804.0511474609375,1965.25927734375,855.2144775390625,1994.9296875],[1.2963,3.0939,0.0799,0.0464]
TRIAVA,TRIAVA_0477.jpg,None,3,0.226,[2642.71923828125,1107.7550048828125,2688.515625,1137.3720703125],[4.1650,1.7540,0.0716,0.0463]
TRIAVA,TRIAVA_0477.jpg,None,3,0.216,[1173.90185546875,458.8675842285156,1202.5260009765625,499.5622253417969],[1.8566,0.7488,0.0447,0.0636]
TRIAVA,TRIAVA_0477.jpg,None,3,0.215,[2300.591552734375,1079.7509765625,2330.2978515625,1133.964111328125],[3.6179,1.7295,0.0464,0.0847]
TRIAVA,TRIAVA_0477.jpg,None,3,0.206,[1861.0740966796875,1249.99169921875,1908.197021484375,1297.291259765625],[2.9447,1.9901,0.0736,0.0739]
TRIAVA,TRIAVA_0484.jpg,None,3,0.293,[2115.881591796875,1169.76904296875,2151.63232421875,1230.0731201171875],[3.3340,1.8749,0.0559,0.0942]
TRIAVA,TRIAVA_0484.jpg,None,3,0.292,[4873.2080078125,2153.46044921875,4908.85595703125,2188.556396484375],[7.6422,3.3922,0.0557,0.0548]
TRIAVA,TRIAVA_0484.jpg,None,3,0.291,[4120.41650390625,1947.585205078125,4162.935546875,1981.9130859375],[6.4714,3.0699,0.0664,0.0536]
TRIAVA,TRIAVA_0484.jpg,None,3,0.289,[1709.3909912109375,769.055908203125,1764.6826171875,799.4925537109375],[2.7141,1.2254,0.0864,0.0476]
TRIAVA,TRIAVA_0484.jpg,None,3,0.287,[2801.776611328125,1358.21484375,2869.244384765625,1398.09423828125],[4.4305,2.1534,0.1054,0.0623]
TRIAVA,TRIAVA_0484.jpg,None,3,0.273,[2595.159912109375,2179.084716796875,2626.228759765625,2216.98681640625],[4.0792,3.4344,0.0485,0.0592]
TRIAVA,TRIAVA_0484.jpg,None,3,0.270,[967.8603515625,1969.5643310546875,997.455078125,2018.436767578125],[1.5354,3.1156,0.0462,0.0764]
TRIAVA,TRIAVA_0484.jpg,None,3,0.268,[3219.198974609375,1146.4415283203125,3265.906982421875,1175.2044677734375],[5.0665,1.8138,0.0730,0.0449]
TRIAVA,TRIAVA_0484.jpg,None,3,0.264,[4238.7470703125,2210.9453125,4265.68701171875,2251.2158203125],[6.6441,3.4861,0.0421,0.0629]
TRIAVA,TRIAVA_0484.jpg,None,3,0.259,[3216.051025390625,1357.828369140625,3248.55615234375,1388.2452392578125],[5.0505,2.1454,0.0508,0.0475]
TRIAVA,TRIAVA_0484.jpg,None,3,0.258,[4114.83740234375,1165.4786376953125,4151.45947265625,1234.2137451171875],[6.4580,1.8748,0.0572,0.1074]
TRIAVA,TRIAVA_0484.jpg,None,3,0.257,[483.7464904785156,608.3349609375,528.2186889648438,650.1470947265625],[0.7906,0.9832,0.0695,0.0653]
TRIAVA,TRIAVA_0484.jpg,None,3,0.257,[3614.608154296875,566.0088500976562,3651.586669921875,604.2595825195312],[5.6767,0.9143,0.0578,0.0598]
TRIAVA,TRIAVA_0484.jpg,None,3,0.253,[1211.178466796875,1210.4400634765625,1261.3052978515625,1261.011962890625],[1.9316,1.9308,0.0783,0.0790]
TRIAVA,TRIAVA_0484.jpg,None,3,0.252,[2569.4423828125,144.09356689453125,2620.87646484375,172.6642608642578],[4.0549,0.2475,0.0804,0.0446]
TRIAVA,TRIAVA_0484.jpg,None,3,0.251,[2818.79443359375,1931.2843017578125,2872.126953125,1980.0311279296875],[4.4460,3.0557,0.0833,0.0762]
TRIAVA,TRIAVA_0484.jpg,None,3,0.248,[3576.4580078125,1121.5660400390625,3610.062744140625,1151.3970947265625],[5.6145,1.7758,0.0525,0.0466]
TRIAVA,TRIAVA_0484.jpg,None,3,0.238,[2696.987060546875,1506.7235107421875,2730.43994140625,1562.7779541015625],[4.2402,2.3980,0.0523,0.0876]
TRIAVA,TRIAVA_0484.jpg,None,3,0.235,[2693.3896484375,1795.7027587890625,2734.1904296875,1824.934326171875],[4.2403,2.8286,0.0638,0.0457]
TRIAVA,TRIAVA_0484.jpg,None,3,0.231,[2324.375,76.06671905517578,2365.419189453125,136.9766082763672],[3.6639,0.1664,0.0641,0.0952]
TRIAVA,TRIAVA_0484.jpg,None,3,0.226,[1414.522705078125,2162.27978515625,1468.034423828125,2195.439453125],[2.2520,3.4045,0.0836,0.0518]
TRIAVA,TRIAVA_0484.jpg,None,3,0.226,[4911.1982421875,2123.3095703125,4959.08984375,2149.80859375],[7.7112,3.3384,0.0748,0.0414]
TRIAVA,TRIAVA_0484.jpg,None,3,0.207,[2957.9677734375,1483.7591552734375,2988.8203125,1525.7279052734375],[4.6459,2.3512,0.0482,0.0656]
TRIAVA,TRIAVA_0484.jpg,None,3,0.204,[1960.776611328125,1306.260009765625,1999.7718505859375,1334.19580078125],[3.0942,2.0629,0.0609,0.0436]
TRIAVA,TRIAVA_0488.jpg,None,3,0.292,[3973.2978515625,1609.46484375,4011.728271484375,1663.0189208984375],[6.2383,2.5566,0.0600,0.0837]
TRIAVA,TRIAVA_0488.jpg,None,3,0.292,[4150.13134765625,1498.7828369140625,4183.779296875,1556.0521240234375],[6.5109,2.3866,0.0526,0.0895]
TRIAVA,TRIAVA_0488.jpg,None,3,0.290,[4065.463134765625,460.3271789550781,4111.0498046875,496.5441589355469],[6.3879,0.7476,0.0712,0.0566]
TRIAVA,TRIAVA_0488.jpg,None,3,0.285,[1459.7911376953125,1831.175537109375,1489.6597900390625,1873.1815185546875],[2.3043,2.8940,0.0467,0.0656]
TRIAVA,TRIAVA_0488.jpg,None,3,0.284,[2422.475830078125,2146.216552734375,2472.18212890625,2194.182861328125],[3.8240,3.3909,0.0777,0.0749]
TRIAVA,TRIAVA_0488.jpg,None,3,0.275,[2880.9130859375,894.0507202148438,2919.295654296875,922.6315307617188],[4.5314,1.4193,0.0600,0.0447]
TRIAVA,TRIAVA_0488.jpg,None,3,0.272,[4686.49755859375,82.74613952636719,4726.28369140625,119.76402282714844],[7.3537,0.1582,0.0622,0.0578]
TRIAVA,TRIAVA_0488.jpg,None,3,0.264,[2226.591064453125,1089.8773193359375,2257.191162109375,1124.1395263671875],[3.5030,1.7297,0.0478,0.0535]
TRIAVA,TRIAVA_0488.jpg,None,3,0.251,[3809.49755859375,609.2446899414062,3839.3818359375,645.1241455078125],[5.9757,0.9800,0.0467,0.0561]
TRIAVA,TRIAVA_0488.jpg,None,3,0.248,[2626.29931640625,441.066162109375,2666.2353515625,482.6863098144531],[4.1348,0.7217,0.0624,0.0650]
TRIAVA,TRIAVA_0488.jpg,None,3,0.245,[3205.815673828125,179.76702880859375,3246.90234375,214.148681640625],[5.0412,0.3077,0.0642,0.0537]
TRIAVA,TRIAVA_0488.jpg,None,3,0.245,[2635.322265625,670.7117309570312,2684.49365234375,701.90185546875],[4.1561,1.0724,0.0768,0.0487]
TRIAVA,TRIAVA_0488.jpg,None,3,0.244,[2505.212890625,2009.2152099609375,2538.374267578125,2046.3631591796875],[3.9403,3.1684,0.0518,0.0580]
TRIAVA,TRIAVA_0488.jpg,None,3,0.233,[4186.5224609375,1982.4927978515625,4247.78955078125,2012.58447265625],[6.5893,3.1212,0.0957,0.0470]
TRIAVA,TRIAVA_0488.jpg,None,3,0.229,[1962.1129150390625,1798.759033203125,2014.9686279296875,1833.8892822265625],[3.1071,2.8380,0.0826,0.0549]
TRIAVA,TRIAVA_0488.jpg,None,3,0.225,[2572.355712890625,2195.033935546875,2620.087158203125,2243.939453125],[4.0566,3.4679,0.0746,0.0764]
TRIAVA,TRIAVA_0488.jpg,None,3,0.222,[3878.7666015625,529.458740234375,3905.829833984375,566.2393798828125],[6.0817,0.8560,0.0423,0.0575]
TRIAVA,TRIAVA_0488.jpg,None,3,0.222,[4702.42578125,1003.4500732421875,4744.41943359375,1029.10791015625],[7.3803,1.5879,0.0656,0.0401]
TRIAVA,TRIAVA_0488.jpg,None,3,0.214,[2038.3760986328125,626.3456420898438,2094.267333984375,666.6737670898438],[3.2286,1.0102,0.0873,0.0630]
TRIAVA,TRIAVA_0488.jpg,None,3,0.209,[3196.090576171875,255.36900329589844,3235.677734375,300.2325439453125],[5.0248,0.4341,0.0619,0.0701]
TRIAVA,TRIAVA_0488.jpg,None,3,0.208,[3013.843017578125,521.6307373046875,3046.71533203125,562.9425659179688],[4.7348,0.8473,0.0514,0.0645]
TRIAVA,TRIAVA_0488.jpg,None,3,0.207,[2885.48828125,1724.0679931640625,2922.304443359375,1778.32177734375],[4.5373,2.7362,0.0575,0.0848]
TRIAVA,TRIAVA_0488.jpg,None,3,0.203,[4027.360107421875,1024.5965576171875,4061.8056640625,1066.4771728515625],[6.3197,1.6337,0.0538,0.0654]
TRIAVA,TRIAVA_0488.jpg,None,3,0.202,[2054.77197265625,809.7169799804688,2090.4658203125,848.9246826171875],[3.2385,1.2958,0.0558,0.0613]
TRIAVA,TRIAVA_0489.jpg,None,3,0.296,[2836.7783203125,2063.602783203125,2873.4541015625,2107.577392578125],[4.4611,3.2587,0.0573,0.0687]
TRIAVA,TRIAVA_0489.jpg,None,3,0.285,[3181.789306640625,1533.662109375,3234.14501953125,1567.9822998046875],[5.0124,2.4232,0.0818,0.0536]
TRIAVA,TRIAVA_0489.jpg,None,3,0.283,[3737.2607421875,292.9085693359375,3789.1142578125,328.9322204589844],[5.8800,0.4858,0.0810,0.0563]
TRIAVA,TRIAVA_0489.jpg,None,3,0.279,[3154.287841796875,51.51266098022461,3194.500732421875,110.68460083007812],[4.9600,0.1267,0.0628,0.0925]
TRIAVA,TRIAVA_0489.jpg,None,3,0.278,[3650.6318359375,224.80377197265625,3719.32373046875,265.65106201171875],[5.7578,0.3832,0.1073,0.0638]
TRIAVA,TRIAVA_0489.jpg,None,3,0.274,[3997.940673828125,1308.8868408203125,4043.733642578125,1354.2498779296875],[6.2826,2.0806,0.0716,0.0709]
TRIAVA,TRIAVA_0489.jpg,None,3,0.270,[5302.666015625,1066.851806640625,5359.68896484375,1097.213623046875],[8.3300,1.6907,0.0891,0.0474]
TRIAVA,TRIAVA_0489.jpg,None,3,0.269,[3860.83203125,219.3785858154297,3906.058349609375,253.88677978515625],[6.0679,0.3697,0.0707,0.0539]
TRIAVA,TRIAVA_0489.jpg,None,3,0.264,[3548.49267578125,241.61386108398438,3643.083740234375,291.83392333984375],[5.6184,0.4168,0.1478,0.0785]
TRIAVA,TRIAVA_0489.jpg,None,3,0.260,[4034.60791015625,1428.22998046875,4077.532958984375,1464.8790283203125],[6.3376,2.2602,0.0671,0.0573]
TRIAVA,TRIAVA_0489.jpg,None,3,0.258,[5281.69921875,1419.23779296875,5330.5263671875,1458.7191162109375],[8.2908,2.2484,0.0763,0.0617]
TRIAVA,TRIAVA_0489.jpg,None,3,0.255,[2608.472412109375,960.996826171875,2645.4814453125,1007.5134887695312],[4.1047,1.5379,0.0578,0.0727]
TRIAVA,TRIAVA_0489.jpg,None,3,0.246,[4138.021484375,272.12371826171875,4188.18603515625,311.7566833496094],[6.5048,0.4562,0.0784,0.0619]
TRIAVA,TRIAVA_0489.jpg,None,3,0.234,[3273.397705078125,1552.9920654296875,3327.582763671875,1591.320068359375],[5.1570,2.4565,0.0847,0.0599]
TRIAVA,TRIAVA_0489.jpg,None,3,0.234,[3007.69482421875,417.10064697265625,3045.75634765625,461.3299255371094],[4.7293,0.6863,0.0595,0.0691]
TRIAVA,TRIAVA_0489.jpg,None,3,0.234,[3005.128173828125,534.8116455078125,3043.4033203125,584.1710205078125],[4.7254,0.8742,0.0598,0.0771]
TRIAVA,TRIAVA_0489.jpg,None,3,0.225,[2894.820068359375,2012.671630859375,2943.1787109375,2064.400146484375],[4.5609,3.1852,0.0756,0.0808]
TRIAVA,TRIAVA_0489.jpg,None,3,0.217,[3444.619384765625,275.28619384765625,3488.3720703125,312.9215087890625],[5.4164,0.4595,0.0684,0.0588]
TRIAVA,TRIAVA_0489.jpg,None,3,0.215,[3387.3310546875,1954.2186279296875,3451.798583984375,1996.1925048828125],[5.3431,3.0863,0.1007,0.0656]
TRIAVA,TRIAVA_0489.jpg,None,3,0.209,[2029.287841796875,240.45321655273438,2095.451904296875,291.3470458984375],[3.2225,0.4155,0.1034,0.0795]
TRIAVA,TRIAVA_0489.jpg,None,3,0.204,[3352.22314453125,1610.0208740234375,3400.4521484375,1644.8009033203125],[5.2755,2.5428,0.0754,0.0543]
TRIAVA,TRIAVA_0497.jpg,None,3,0.285,[5317.888671875,36.13847732543945,5361.2666015625,90.35385131835938],[8.3431,0.0988,0.0678,0.0847]
TRIAVA,TRIAVA_0497.jpg,None,3,0.283,[2586.189453125,1527.3031005859375,2629.2470703125,1572.9822998046875],[4.0746,2.4221,0.0673,0.0714]
TRIAVA,TRIAVA_0497.jpg,None,3,0.281,[2976.111328125,884.7852172851562,3014.059814453125,921.6336669921875],[4.6798,1.4113,0.0593,0.0576]
TRIAVA,TRIAVA_0497.jpg,None,3,0.280,[2365.74951171875,2211.638671875,2400.864990234375,2256.89306640625],[3.7239,3.4910,0.0549,0.0707]
TRIAVA,TRIAVA_0497.jpg,None,3,0.273,[2859.244873046875,487.3574523925781,2905.054443359375,521.4759521484375],[4.5034,0.7882,0.0716,0.0533]
TRIAVA,TRIAVA_0497.jpg,None,3,0.272,[3881.55615234375,1892.1068115234375,3944.13037109375,1936.6343994140625],[6.1138,2.9912,0.0978,0.0696]
TRIAVA,TRIAVA_0497.jpg,None,3,0.266,[3712.50439453125,38.81173324584961,3748.859619140625,93.4276123046875],[5.8292,0.1033,0.0568,0.0853]
TRIAVA,TRIAVA_0497.jpg,None,3,0.259,[1564.746826171875,774.780029296875,1624.705322265625,807.9990844726562],[2.4918,1.2365,0.0937,0.0519]
TRIAVA,TRIAVA_0497.jpg,None,3,0.254,[1655.926513671875,395.099853515625,1705.317626953125,439.4971618652344],[2.6260,0.6520,0.0772,0.0694]
TRIAVA,TRIAVA_0497.jpg,None,3,0.237,[1869.3575439453125,69.58159637451172,1917.47900390625,111.2493896484375],[2.9585,0.1413,0.0752,0.0651]
TRIAVA,TRIAVA_0497.jpg,None,3,0.233,[3358.478271484375,27.803268432617188,3398.82861328125,86.37577056884766],[5.2791,0.0892,0.0630,0.0915]
TRIAVA,TRIAVA_0497.jpg,None,3,0.230,[2487.05517578125,1858.2607421875,2516.570068359375,1894.6197509765625],[3.9091,2.9319,0.0461,0.0568]
TRIAVA,TRIAVA_0497.jpg,None,3,0.216,[3609.78759765625,1911.9364013671875,3644.448974609375,1943.1622314453125],[5.6674,3.0118,0.0542,0.0488]
TRIAVA,TRIAVA_0497.jpg,None,3,0.214,[2736.021240234375,1848.284423828125,2772.1298828125,1881.0703125],[4.3032,2.9136,0.0564,0.0512]
TRIAVA,TRIAVA_0497.jpg,None,3,0.213,[2789.815673828125,287.9537353515625,2821.360595703125,330.883544921875],[4.3837,0.4835,0.0493,0.0671]
TRIAVA,TRIAVA_0497.jpg,None,3,0.205,[3193.908203125,0.0,3239.633056640625,40.77143859863281],[5.0262,0.0319,0.0714,0.0637]
TRIAVA,TRIAVA_0498.jpg,None,3,0.297,[1138.557861328125,820.2435913085938,1167.317138671875,871.9367065429688],[1.8015,1.3220,0.0449,0.0808]
TRIAVA,TRIAVA_0498.jpg,None,3,0.293,[2486.028564453125,307.5654296875,2522.398193359375,350.4622497558594],[3.9128,0.5141,0.0568,0.0670]
TRIAVA,TRIAVA_0498.jpg,None,3,0.287,[4079.149658203125,503.1968688964844,4112.69921875,540.3831176757812],[6.3999,0.8153,0.0524,0.0581]
TRIAVA,TRIAVA_0498.jpg,None,3,0.278,[3111.370849609375,442.9842834472656,3150.49169921875,488.9617004394531],[4.8921,0.7281,0.0611,0.0718]
TRIAVA,TRIAVA_0498.jpg,None,3,0.270,[2332.7490234375,490.978515625,2386.837890625,522.973388671875],[3.6872,0.7921,0.0845,0.0500]
TRIAVA,TRIAVA_0498.jpg,None,3,0.260,[3897.056640625,2027.990234375,3937.3232421875,2071.649169921875],[6.1206,3.2028,0.0629,0.0682]
TRIAVA,TRIAVA_0498.jpg,None,3,0.255,[4047.009521484375,321.091796875,4103.0166015625,358.6369934082031],[6.3672,0.5310,0.0875,0.0587]
TRIAVA,TRIAVA_0498.jpg,None,3,0.247,[1996.875244140625,1486.9617919921875,2035.3974609375,1516.443115234375],[3.1502,2.3464,0.0602,0.0461]
TRIAVA,TRIAVA_0498.jpg,None,3,0.246,[4717.8310546875,429.06866455078125,4746.34619140625,482.3316650390625],[7.3939,0.7120,0.0446,0.0832]
TRIAVA,TRIAVA_0498.jpg,None,3,0.226,[3381.23291015625,173.3927001953125,3409.390625,211.51881408691406],[5.3052,0.3007,0.0440,0.0596]
TRIAVA,TRIAVA_0498.jpg,None,3,0.211,[1850.4906005859375,1512.244140625,1891.217041015625,1547.30224609375],[2.9232,2.3903,0.0636,0.0548]
TRIAVA,TRIAVA_0498.jpg,None,3,0.210,[5052.421875,1286.607177734375,5113.0791015625,1315.129150390625],[7.9418,2.0326,0.0948,0.0446]
TRIAVA,TRIAVA_0498.jpg,None,3,0.205,[3406.785400390625,33.777957916259766,3445.578369140625,87.77301025390625],[5.3534,0.0950,0.0606,0.0844]
TRIAVA,TRIAVA_0498.jpg,None,3,0.204,[2803.17431640625,753.5055541992188,2858.506103515625,826.2234497070312],[4.4232,1.2342,0.0865,0.1136]
TRIAVA,TRIAVA_0503.jpg,None,3,0.298,[479.15509033203125,960.8400268554688,539.8916015625,1009.4734497070312],[0.7961,1.5393,0.0949,0.0760]
TRIAVA,TRIAVA_0503.jpg,None,3,0.294,[1640.4874267578125,873.7420654296875,1691.289306640625,924.3314819335938],[2.6030,1.4047,0.0794,0.0790]
TRIAVA,TRIAVA_0503.jpg,None,3,0.290,[4071.884033203125,2004.5740966796875,4114.65771484375,2057.398193359375],[6.3957,3.1734,0.0668,0.0825]
TRIAVA,TRIAVA_0503.jpg,None,3,0.287,[3804.675537109375,450.1754150390625,3834.81103515625,485.36163330078125],[5.9683,0.7309,0.0471,0.0550]
TRIAVA,TRIAVA_0503.jpg,None,3,0.287,[850.5613403320312,161.35501098632812,887.7033081054688,197.901123046875],[1.3580,0.2807,0.0580,0.0571]
TRIAVA,TRIAVA_0503.jpg,None,3,0.269,[3062.591796875,2162.49853515625,3092.33984375,2203.563720703125],[4.8085,3.4110,0.0465,0.0642]
TRIAVA,TRIAVA_0503.jpg,None,3,0.268,[2922.4853515625,90.041259765625,2961.513671875,123.02741241455078],[4.5969,0.1665,0.0610,0.0515]
TRIAVA,TRIAVA_0503.jpg,None,3,0.265,[4959.08251953125,1825.6634521484375,5027.71484375,1868.30810546875],[7.8022,2.8859,0.1072,0.0666]
TRIAVA,TRIAVA_0503.jpg,None,3,0.264,[4525.7275390625,1373.412353515625,4568.7109375,1409.1202392578125],[7.1050,2.1739,0.0672,0.0558]
TRIAVA,TRIAVA_0503.jpg,None,3,0.261,[2597.2763671875,2111.013427734375,2659.45361328125,2148.93603515625],[4.1068,3.3281,0.0972,0.0593]
TRIAVA,TRIAVA_0503.jpg,None,3,0.260,[4076.16943359375,726.8785400390625,4111.3359375,767.4060668945312],[6.3965,1.1674,0.0549,0.0633]
TRIAVA,TRIAVA_0503.jpg,None,3,0.259,[2884.037109375,2184.5478515625,2916.233154296875,2226.802490234375],[4.5315,3.4464,0.0503,0.0660]
TRIAVA,TRIAVA_0503.jpg,None,3,0.257,[3019.335205078125,393.73468017578125,3064.435546875,455.4654235839844],[4.7529,0.6634,0.0705,0.0965]
TRIAVA,TRIAVA_0503.jpg,None,3,0.257,[3002.194580078125,269.49554443359375,3052.91845703125,312.9421691894531],[4.7306,0.4550,0.0793,0.0679]
TRIAVA,TRIAVA_0503.jpg,None,3,0.254,[1990.8372802734375,125.03640747070312,2024.2850341796875,154.52496337890625],[3.1368,0.2184,0.0523,0.0461]
TRIAVA,TRIAVA_0503.jpg,None,3,0.251,[3052.0009765625,1157.912841796875,3098.305908203125,1195.6497802734375],[4.8049,1.8387,0.0724,0.0590]
TRIAVA,TRIAVA_0503.jpg,None,3,0.251,[2746.54638671875,2213.537353515625,2794.235107421875,2263.0517578125],[4.3287,3.4973,0.0745,0.0774]
TRIAVA,TRIAVA_0503.jpg,None,3,0.242,[1952.0992431640625,1058.552978515625,2003.7122802734375,1089.9888916015625],[3.0905,1.6785,0.0806,0.0491]
TRIAVA,TRIAVA_0503.jpg,None,3,0.241,[2546.6962890625,19.983625411987305,2589.81591796875,84.44105529785156],[4.0129,0.0816,0.0674,0.1007]
TRIAVA,TRIAVA_0503.jpg,None,3,0.239,[3812.356689453125,2225.16015625,3859.282470703125,2270.537353515625],[5.9935,3.5123,0.0733,0.0709]
TRIAVA,TRIAVA_0503.jpg,None,3,0.230,[1304.1207275390625,1103.3919677734375,1354.166748046875,1163.2081298828125],[2.0768,1.7708,0.0782,0.0935]
TRIAVA,TRIAVA_0503.jpg,None,3,0.226,[4129.56982421875,1732.458984375,4167.9873046875,1772.018310546875],[6.4825,2.7379,0.0600,0.0618]
TRIAVA,TRIAVA_0503.jpg,None,3,0.223,[3712.197998046875,428.3775634765625,3757.28857421875,492.08770751953125],[5.8355,0.7191,0.0705,0.0995]
TRIAVA,TRIAVA_0503.jpg,None,3,0.221,[4577.39453125,83.91670227050781,4627.7265625,113.31373596191406],[7.1915,0.1541,0.0786,0.0459]
TRIAVA,TRIAVA_0503.jpg,None,3,0.218,[4312.48486328125,1829.3072509765625,4369.57421875,1864.2928466796875],[6.7829,2.8856,0.0892,0.0547]
TRIAVA,TRIAVA_0503.jpg,None,3,0.210,[3323.3779296875,1821.5025634765625,3357.3544921875,1876.967529296875],[5.2193,2.8894,0.0531,0.0867]
TRIAVA,TRIAVA_0503.jpg,None,3,0.210,[2540.7333984375,784.5467529296875,2605.203369140625,829.1610107421875],[4.0203,1.2607,0.1007,0.0697]
TRIAVA,TRIAVA_0503.jpg,None,3,0.207,[4301.0283203125,677.0777587890625,4348.90283203125,713.4036865234375],[6.7578,1.0863,0.0748,0.0568]
TRIAVA,TRIAVA_0503.jpg,None,3,0.206,[2965.524169921875,1155.6480712890625,3002.183349609375,1188.54345703125],[4.6623,1.8314,0.0573,0.0514]
TRIAVA,TRIAVA_0503.jpg,None,3,0.204,[343.1334228515625,1914.1744384765625,398.0767517089844,1941.7945556640625],[0.5791,3.0125,0.0858,0.0432]
TRIAVA,TRIAVA_0503.jpg,None,3,0.201,[5442.25927734375,125.45772552490234,5485.9267578125,156.92251586914062],[8.5376,0.2206,0.0682,0.0492]
TRIAVA,TRIAVA_0505.jpg,None,3,0.298,[5054.66943359375,753.5641479492188,5101.5693359375,790.5743408203125],[7.9346,1.2064,0.0733,0.0578]
TRIAVA,TRIAVA_0505.jpg,None,3,0.292,[3935.739501953125,1485.3927001953125,3979.083251953125,1523.32080078125],[6.1835,2.3506,0.0677,0.0593]
TRIAVA,TRIAVA_0505.jpg,None,3,0.291,[2085.5400390625,390.0953369140625,2123.453125,430.4858703613281],[3.2883,0.6411,0.0592,0.0631]
TRIAVA,TRIAVA_0505.jpg,None,3,0.289,[1912.268798828125,1928.8680419921875,1970.05224609375,1963.3873291015625],[3.0331,3.0408,0.0903,0.0539]
TRIAVA,TRIAVA_0505.jpg,None,3,0.288,[2994.135009765625,1138.99609375,3045.508056640625,1175.0550537109375],[4.7185,1.8079,0.0803,0.0563]
TRIAVA,TRIAVA_0505.jpg,None,3,0.288,[3611.218505859375,499.0453796386719,3675.750244140625,533.9376831054688],[5.6929,0.8070,0.1008,0.0545]
TRIAVA,TRIAVA_0505.jpg,None,3,0.287,[3595.38232421875,203.64671325683594,3641.988525390625,236.4636688232422],[5.6542,0.3438,0.0728,0.0513]
TRIAVA,TRIAVA_0505.jpg,None,3,0.282,[3686.644775390625,1910.0362548828125,3712.393798828125,1946.8944091796875],[5.7805,3.0132,0.0402,0.0576]
TRIAVA,TRIAVA_0505.jpg,None,3,0.276,[2179.452392578125,1439.0325927734375,2212.08349609375,1490.9720458984375],[3.4309,2.2891,0.0510,0.0812]
TRIAVA,TRIAVA_0505.jpg,None,3,0.273,[2636.069580078125,992.8402709960938,2667.679443359375,1029.3289794921875],[4.1436,1.5798,0.0494,0.0570]
TRIAVA,TRIAVA_0505.jpg,None,3,0.273,[960.7637329101562,676.487548828125,1009.4801635742188,710.4537963867188],[1.5393,1.0835,0.0761,0.0531]
TRIAVA,TRIAVA_0505.jpg,None,3,0.272,[2192.085693359375,1100.7303466796875,2230.897705078125,1147.8121337890625],[3.4555,1.7567,0.0606,0.0736]
TRIAVA,TRIAVA_0505.jpg,None,3,0.271,[3132.255859375,1007.54736328125,3185.637939453125,1043.054931640625],[4.9359,1.6020,0.0834,0.0555]
TRIAVA,TRIAVA_0505.jpg,None,3,0.270,[2167.82958984375,642.6536865234375,2196.8134765625,680.3190307617188],[3.4099,1.0336,0.0453,0.0589]
TRIAVA,TRIAVA_0505.jpg,None,3,0.267,[4003.364501953125,1209.718505859375,4052.48974609375,1246.2733154296875],[6.2936,1.9187,0.0768,0.0571]
TRIAVA,TRIAVA_0505.jpg,None,3,0.267,[4696.17578125,2239.196533203125,4737.44384765625,2274.1044921875],[7.3700,3.5260,0.0645,0.0545]
TRIAVA,TRIAVA_0505.jpg,None,3,0.264,[1983.0582275390625,960.6600341796875,2051.084716796875,998.9435424804688],[3.1517,1.5309,0.1063,0.0598]
TRIAVA,TRIAVA_0505.jpg,None,3,0.258,[3587.154541015625,1026.3865966796875,3630.91015625,1065.4346923828125],[5.6391,1.6342,0.0684,0.0610]
TRIAVA,TRIAVA_0505.jpg,None,3,0.256,[2150.6162109375,464.7699890136719,2194.94140625,493.4019775390625],[3.3950,0.7486,0.0693,0.0447]
TRIAVA,TRIAVA_0505.jpg,None,3,0.256,[4070.132568359375,1817.475830078125,4118.91162109375,1850.3470458984375],[6.3977,2.8655,0.0762,0.0514]
TRIAVA,TRIAVA_0505.jpg,None,3,0.253,[5554.0908203125,837.6304931640625,5605.1826171875,892.1610107421875],[8.7182,1.3514,0.0798,0.0852]
TRIAVA,TRIAVA_0505.jpg,None,3,0.250,[3529.51904296875,320.71112060546875,3575.148193359375,363.6407470703125],[5.5505,0.5346,0.0713,0.0671]
TRIAVA,TRIAVA_0505.jpg,None,3,0.249,[1799.3099365234375,170.7822265625,1839.6663818359375,205.47903442382812],[2.8430,0.2940,0.0631,0.0542]
TRIAVA,TRIAVA_0505.jpg,None,3,0.245,[2448.008544921875,633.2317504882812,2501.184326171875,679.2425537109375],[3.8666,1.0254,0.0831,0.0719]
TRIAVA,TRIAVA_0505.jpg,None,3,0.242,[1710.4383544921875,1499.9962158203125,1764.3936767578125,1531.1380615234375],[2.7147,2.3681,0.0843,0.0487]
TRIAVA,TRIAVA_0505.jpg,None,3,0.240,[5000.62060546875,1617.1795654296875,5061.31005859375,1686.2083740234375],[7.8609,2.5808,0.0948,0.1079]
TRIAVA,TRIAVA_0505.jpg,None,3,0.235,[2861.8505859375,568.1529541015625,2899.76904296875,612.6072998046875],[4.5013,0.9225,0.0592,0.0695]
TRIAVA,TRIAVA_0505.jpg,None,3,0.224,[2010.635986328125,1098.801513671875,2060.27880859375,1134.4654541015625],[3.1804,1.7447,0.0776,0.0557]
TRIAVA,TRIAVA_0505.jpg,None,3,0.223,[4932.4130859375,794.8756713867188,4965.08935546875,832.9390258789062],[7.7324,1.2717,0.0511,0.0595]
TRIAVA,TRIAVA_0505.jpg,None,3,0.222,[4705.6962890625,782.7529907226562,4763.60498046875,817.0260620117188],[7.3979,1.2498,0.0905,0.0536]
TRIAVA,TRIAVA_0505.jpg,None,3,0.210,[5268.77978515625,402.5191955566406,5321.05908203125,438.50299072265625],[8.2733,0.6570,0.0817,0.0562]
TRIAVA,TRIAVA_0505.jpg,None,3,0.210,[4886.72509765625,1312.9300537109375,4946.25927734375,1341.5987548828125],[7.6820,2.0739,0.0930,0.0448]
TRIAVA,TRIAVA_0505.jpg,None,3,0.209,[3251.678955078125,1075.5631103515625,3303.5205078125,1110.6939697265625],[5.1212,1.7080,0.0810,0.0549]
TRIAVA,TRIAVA_0505.jpg,None,3,0.209,[4264.69384765625,1149.82861328125,4307.07080078125,1182.981201171875],[6.6967,1.8225,0.0662,0.0518]
TRIAVA,TRIAVA_0505.jpg,None,3,0.206,[4947.5458984375,2145.224853515625,4973.88330078125,2183.538818359375],[7.7511,3.3818,0.0412,0.0599]
TRIAVA,TRIAVA_0505.jpg,None,3,0.206,[3088.18115234375,591.1288452148438,3117.29052734375,620.4261474609375],[4.8480,0.9465,0.0455,0.0458]
TRIAVA,TRIAVA_0505.jpg,None,3,0.202,[1238.4508056640625,802.2504272460938,1291.2613525390625,836.7876586914062],[1.9763,1.2805,0.0825,0.0540]
TRIAVA,TRIAVA_0506.jpg,None,3,0.299,[4189.6318359375,15.813438415527344,4232.23291015625,55.466407775878906],[6.5796,0.0557,0.0666,0.0620]
TRIAVA,TRIAVA_0506.jpg,None,3,0.298,[2908.29833984375,2113.68115234375,2973.15185546875,2155.813232421875],[4.5949,3.3355,0.1013,0.0658]
TRIAVA,TRIAVA_0506.jpg,None,3,0.286,[3891.76611328125,322.45660400390625,3924.878173828125,358.20379638671875],[6.1068,0.5318,0.0517,0.0559]
TRIAVA,TRIAVA_0506.jpg,None,3,0.273,[2744.320556640625,908.8605346679688,2775.01318359375,937.8969116210938],[4.3120,1.4428,0.0480,0.0454]
TRIAVA,TRIAVA_0506.jpg,None,3,0.272,[5236.93505859375,76.86625671386719,5269.40966796875,126.83202362060547],[8.2081,0.1591,0.0507,0.0781]
TRIAVA,TRIAVA_0506.jpg,None,3,0.256,[4083.72509765625,1333.85986328125,4122.12451171875,1374.74560546875],[6.4108,2.1161,0.0600,0.0639]
TRIAVA,TRIAVA_0506.jpg,None,3,0.248,[1408.8492431640625,1200.6990966796875,1445.830322265625,1242.588623046875],[2.2302,1.9088,0.0578,0.0655]
TRIAVA,TRIAVA_0506.jpg,None,3,0.243,[5273.10791015625,1405.5655517578125,5309.2138671875,1454.94921875],[8.2674,2.2348,0.0564,0.0772]
TRIAVA,TRIAVA_0506.jpg,None,3,0.240,[1921.7679443359375,908.7386474609375,1951.1375732421875,946.8790283203125],[3.0257,1.4497,0.0459,0.0596]
TRIAVA,TRIAVA_0506.jpg,None,3,0.239,[2839.610595703125,1609.9111328125,2898.198486328125,1657.6160888671875],[4.4827,2.5528,0.0915,0.0745]
TRIAVA,TRIAVA_0506.jpg,None,3,0.234,[2074.8515625,1458.80322265625,2112.20947265625,1504.6329345703125],[3.2711,2.3152,0.0584,0.0716]
TRIAVA,TRIAVA_0506.jpg,None,3,0.232,[3448.71728515625,1527.949462890625,3508.416748046875,1582.9451904296875],[5.4353,2.4304,0.0933,0.0859]
TRIAVA,TRIAVA_0506.jpg,None,3,0.228,[2779.9580078125,1248.9947509765625,2816.240478515625,1284.14892578125],[4.3720,1.9790,0.0567,0.0549]
TRIAVA,TRIAVA_0506.jpg,None,3,0.217,[3980.49755859375,180.9788055419922,4016.242919921875,216.96380615234375],[6.2475,0.3109,0.0559,0.0562]
TRIAVA,TRIAVA_0506.jpg,None,3,0.217,[2239.614013671875,1589.516357421875,2287.41357421875,1635.738525390625],[3.5367,2.5197,0.0747,0.0722]
TRIAVA,TRIAVA_0506.jpg,None,3,0.212,[2480.3583984375,563.5045776367188,2513.51513671875,619.0519409179688],[3.9015,0.9239,0.0518,0.0868]
TRIAVA,TRIAVA_0506.jpg,None,3,0.211,[1804.2628173828125,1862.5203857421875,1843.9627685546875,1890.6314697265625],[2.8502,2.9321,0.0620,0.0439]
TRIAVA,TRIAVA_0595.jpg,None,3,0.280,[543.1405639648438,1757.7855224609375,588.3683471679688,1797.9117431640625],[0.8840,2.7779,0.0707,0.0627]
TRIAVA,TRIAVA_0595.jpg,None,3,0.270,[2823.6845703125,226.47357177734375,2869.84765625,264.2857971191406],[4.4481,0.3834,0.0721,0.0591]
TRIAVA,TRIAVA_0595.jpg,None,3,0.267,[2934.443115234375,220.43418884277344,2980.725341796875,254.34629821777344],[4.6212,0.3709,0.0723,0.0530]
TRIAVA,TRIAVA_0595.jpg,None,3,0.266,[2240.582763671875,223.61373901367188,2272.183349609375,252.23780822753906],[3.5256,0.3718,0.0494,0.0447]
TRIAVA,TRIAVA_0595.jpg,None,3,0.265,[1305.073486328125,845.2262573242188,1345.294189453125,883.390869140625],[2.0706,1.3505,0.0628,0.0596]
TRIAVA,TRIAVA_0595.jpg,None,3,0.261,[1028.1546630859375,700.0239868164062,1078.5396728515625,730.2484130859375],[1.6459,1.1174,0.0787,0.0472]
TRIAVA,TRIAVA_0595.jpg,None,3,0.229,[1565.5596923828125,425.54351806640625,1603.692626953125,456.7118225097656],[2.4760,0.6893,0.0596,0.0487]
TRIAVA,TRIAVA_0595.jpg,None,3,0.229,[3069.87646484375,42.866397857666016,3131.426513671875,79.88062286376953],[4.8448,0.0959,0.0962,0.0578]
TRIAVA,TRIAVA_0595.jpg,None,3,0.229,[4442.8515625,638.43603515625,4477.00634765625,667.23388671875],[6.9686,1.0201,0.0534,0.0450]
TRIAVA,TRIAVA_0595.jpg,None,3,0.227,[1438.4862060546875,520.39111328125,1472.7542724609375,558.4689331054688],[2.2744,0.8429,0.0535,0.0595]
TRIAVA,TRIAVA_0595.jpg,None,3,0.220,[2177.3017578125,1284.185302734375,2212.03076171875,1316.6331787109375],[3.4292,2.0319,0.0543,0.0507]
TRIAVA,TRIAVA_0595.jpg,None,3,0.219,[544.1139526367188,674.9672241210938,596.3507080078125,733.4407348632812],[0.8910,1.1003,0.0816,0.0914]
TRIAVA,TRIAVA_0595.jpg,None,3,0.211,[3716.878173828125,997.3390502929688,3750.11572265625,1030.123046875],[5.8336,1.5840,0.0519,0.0512]
TRIAVA,TRIAVA_0595.jpg,None,3,0.210,[1670.24560546875,557.7464599609375,1708.7484130859375,595.097412109375],[2.6398,0.9007,0.0602,0.0584]
TRIAVA,TRIAVA_0597.jpg,None,3,0.286,[4194.57275390625,1559.3497314453125,4235.22216796875,1598.693359375],[6.5858,2.4672,0.0635,0.0615]
TRIAVA,TRIAVA_0597.jpg,None,3,0.256,[2328.774169921875,753.6854248046875,2384.397216796875,784.2783203125],[3.6822,1.2015,0.0869,0.0478]
TRIAVA,TRIAVA_0597.jpg,None,3,0.236,[2102.23583984375,1662.55859375,2143.396240234375,1709.4521484375],[3.3169,2.6344,0.0643,0.0733]
TRIAVA,TRIAVA_0597.jpg,None,3,0.231,[3832.95166015625,705.2435913085938,3866.45947265625,766.9066772460938],[6.0152,1.1501,0.0524,0.0963]
TRIAVA,TRIAVA_0597.jpg,None,3,0.214,[1108.3045654296875,90.6168212890625,1158.02587890625,128.49659729003906],[1.7706,0.1712,0.0777,0.0592]
TRIAVA,TRIAVA_0597.jpg,None,3,0.202,[550.562744140625,2174.489990234375,596.4974365234375,2228.771728515625],[0.8961,3.4400,0.0718,0.0848]
TRIAVA,TRIAVA_0599.jpg,None,3,0.276,[1234.8603515625,288.1922607421875,1270.080078125,321.7467956542969],[1.9570,0.4765,0.0550,0.0524]
TRIAVA,TRIAVA_0599.jpg,None,3,0.272,[1356.2364501953125,792.0161743164062,1405.654541015625,823.7136840820312],[2.1577,1.2623,0.0772,0.0495]
TRIAVA,TRIAVA_0599.jpg,None,3,0.268,[358.9427185058594,1004.0001831054688,396.78924560546875,1050.8690185546875],[0.5904,1.6054,0.0591,0.0732]
TRIAVA,TRIAVA_0599.jpg,None,3,0.267,[851.66064453125,279.9478759765625,882.6793823242188,325.68408203125],[1.3550,0.4731,0.0485,0.0715]
TRIAVA,TRIAVA_0599.jpg,None,3,0.266,[1415.1815185546875,1268.145263671875,1470.635498046875,1308.5904541015625],[2.2545,2.0131,0.0866,0.0632]
TRIAVA,TRIAVA_0599.jpg,None,3,0.266,[3394.2734375,1076.2364501953125,3446.128662109375,1134.1026611328125],[5.3441,1.7268,0.0810,0.0904]
TRIAVA,TRIAVA_0599.jpg,None,3,0.262,[1084.8065185546875,1038.398681640625,1125.5782470703125,1069.716064453125],[1.7269,1.6470,0.0637,0.0489]
TRIAVA,TRIAVA_0599.jpg,None,3,0.245,[1161.66162109375,682.6621704101562,1192.5899658203125,728.308349609375],[1.8393,1.1023,0.0483,0.0713]
TRIAVA,TRIAVA_0599.jpg,None,3,0.244,[1362.374267578125,552.8695068359375,1397.881591796875,581.8477783203125],[2.1564,0.8865,0.0555,0.0453]
TRIAVA,TRIAVA_0599.jpg,None,3,0.242,[2840.205078125,1007.2391357421875,2894.617431640625,1037.4879150390625],[4.4803,1.5974,0.0850,0.0473]
TRIAVA,TRIAVA_0599.jpg,None,3,0.240,[2357.677001953125,484.1476745605469,2404.606689453125,520.84423828125],[3.7205,0.7851,0.0733,0.0573]
TRIAVA,TRIAVA_0599.jpg,None,3,0.236,[1401.0166015625,1070.7926025390625,1464.7176513671875,1104.2645263671875],[2.2389,1.6993,0.0995,0.0523]
TRIAVA,TRIAVA_0599.jpg,None,3,0.234,[1298.55712890625,87.38609313964844,1330.456787109375,127.29417419433594],[2.0539,0.1677,0.0498,0.0624]
TRIAVA,TRIAVA_0599.jpg,None,3,0.225,[3119.096435546875,1811.9014892578125,3148.203125,1851.0316162109375],[4.8963,2.8617,0.0455,0.0611]
TRIAVA,TRIAVA_0599.jpg,None,3,0.219,[1668.6134033203125,1018.5509033203125,1707.687744140625,1076.84521484375],[2.6377,1.6370,0.0611,0.0911]
TRIAVA,TRIAVA_0599.jpg,None,3,0.215,[1233.2845458984375,1131.680908203125,1269.786376953125,1161.9068603515625],[1.9555,1.7919,0.0570,0.0472]
TRIAVA,TRIAVA_0599.jpg,None,3,0.211,[2615.877685546875,136.2884979248047,2649.91650390625,170.08477783203125],[4.1139,0.2394,0.0532,0.0528]
TRIAVA,TRIAVA_0600.jpg,None,3,0.298,[3859.0341796875,1234.3006591796875,3912.4052734375,1276.345703125],[6.0714,1.9614,0.0834,0.0657]
TRIAVA,TRIAVA_0600.jpg,None,3,0.297,[2371.115966796875,2248.200927734375,2406.531494140625,2293.81640625],[3.7325,3.5485,0.0553,0.0713]
TRIAVA,TRIAVA_0600.jpg,None,3,0.292,[3481.796142578125,1168.0694580078125,3519.096923828125,1218.96240234375],[5.4694,1.8649,0.0583,0.0795]
TRIAVA,TRIAVA_0600.jpg,None,3,0.291,[3508.32421875,48.46124267578125,3549.77099609375,82.66625213623047],[5.5141,0.1024,0.0648,0.0534]
TRIAVA,TRIAVA_0600.jpg,None,3,0.273,[3348.2802734375,853.7860107421875,3397.555419921875,912.85009765625],[5.2702,1.3802,0.0770,0.0923]
TRIAVA,TRIAVA_0600.jpg,None,3,0.265,[2525.19189453125,551.88671875,2586.45458984375,619.4727172851562],[3.9935,0.9151,0.0957,0.1056]
TRIAVA,TRIAVA_0600.jpg,None,3,0.265,[1031.354248046875,1567.761962890625,1071.529052734375,1602.1029052734375],[1.6429,2.4765,0.0628,0.0537]
TRIAVA,TRIAVA_0600.jpg,None,3,0.238,[2414.730224609375,1881.665771484375,2446.39794921875,1932.632568359375],[3.7978,2.9799,0.0495,0.0796]
TRIAVA,TRIAVA_0600.jpg,None,3,0.234,[3229.496337890625,360.4063720703125,3262.472412109375,397.80072021484375],[5.0719,0.5923,0.0515,0.0584]
TRIAVA,TRIAVA_0600.jpg,None,3,0.219,[1361.94189453125,1406.74609375,1393.23291015625,1458.9913330078125],[2.1525,2.2389,0.0489,0.0816]
TRIAVA,TRIAVA_0600.jpg,None,3,0.217,[3258.639892578125,1589.6724853515625,3316.77734375,1629.2489013671875],[5.1370,2.5148,0.0908,0.0618]
TRIAVA,TRIAVA_0600.jpg,None,3,0.207,[2060.8681640625,219.17227172851562,2127.4033203125,272.84014892578125],[3.2721,0.3844,0.1040,0.0839]
TRIAVA,TRIAVA_0603.jpg,None,3,0.299,[3042.927490234375,1154.02490234375,3080.7138671875,1213.8505859375],[4.7841,1.8499,0.0590,0.0935]
TRIAVA,TRIAVA_0603.jpg,None,3,0.292,[3138.098876953125,201.5946044921875,3199.628173828125,242.8173370361328],[4.9513,0.3472,0.0961,0.0644]
TRIAVA,TRIAVA_0603.jpg,None,3,0.280,[3675.4384765625,2243.715576171875,3702.62939453125,2291.80029296875],[5.7641,3.5434,0.0425,0.0751]
TRIAVA,TRIAVA_0603.jpg,None,3,0.240,[2962.537841796875,629.2178955078125,2997.140380859375,670.2542724609375],[4.6560,1.0152,0.0541,0.0641]
TRIAVA,TRIAVA_0603.jpg,None,3,0.237,[4095.3603515625,946.0796508789062,4160.43896484375,979.1342163085938],[6.4498,1.5041,0.1017,0.0516]
TRIAVA,TRIAVA_0603.jpg,None,3,0.237,[2341.2080078125,1518.5133056640625,2389.401611328125,1547.2615966796875],[3.6958,2.3951,0.0753,0.0449]
TRIAVA,TRIAVA_0603.jpg,None,3,0.236,[4552.8974609375,427.5213928222656,4593.27880859375,459.5910339355469],[7.1455,0.6931,0.0631,0.0501]
TRIAVA,TRIAVA_0603.jpg,None,3,0.236,[3856.41748046875,47.314125061035156,3892.968994140625,96.0613784790039],[6.0542,0.1120,0.0571,0.0762]
TRIAVA,TRIAVA_0603.jpg,None,3,0.230,[4638.34912109375,1390.84130859375,4665.56005859375,1445.2039794921875],[7.2687,2.2157,0.0425,0.0849]
TRIAVA,TRIAVA_0603.jpg,None,3,0.222,[4286.6611328125,71.4941635131836,4325.1416015625,116.7841567993164],[6.7280,0.1471,0.0601,0.0708]
TRIAVA,TRIAVA_0603.jpg,None,3,0.216,[5439.00048828125,1752.9677734375,5485.89892578125,1781.1942138671875],[8.5351,2.7611,0.0733,0.0441]
TRIAVA,TRIAVA_0603.jpg,None,3,0.216,[1823.7191162109375,316.71551513671875,1875.51416015625,345.7169189453125],[2.8900,0.5175,0.0809,0.0453]
TRIAVA,TRIAVA_0603.jpg,None,3,0.216,[4995.08203125,571.932373046875,5049.54541015625,601.7060546875],[7.8474,0.9169,0.0851,0.0465]
TRIAVA,TRIAVA_0603.jpg,None,3,0.214,[3420.0576171875,211.16661071777344,3450.313720703125,251.44290161132812],[5.3675,0.3614,0.0473,0.0629]
TRIAVA,TRIAVA_0603.jpg,None,3,0.206,[5215.74169921875,2174.427001953125,5261.759765625,2213.442138671875],[8.1855,3.4280,0.0719,0.0610]
TRIAVA,TRIAVA_0608.jpg,None,3,0.294,[4402.62451171875,1624.7125244140625,4440.84423828125,1684.52685546875],[6.9090,2.5853,0.0597,0.0935]
TRIAVA,TRIAVA_0608.jpg,None,3,0.280,[1913.00537109375,1597.5501708984375,1950.7137451171875,1656.6436767578125],[3.0185,2.5423,0.0589,0.0923]
TRIAVA,TRIAVA_0608.jpg,None,3,0.275,[2311.931640625,546.7005004882812,2349.0556640625,598.4376831054688],[3.6414,0.8946,0.0580,0.0808]
TRIAVA,TRIAVA_0608.jpg,None,3,0.253,[356.4161682128906,2077.607666015625,411.0120544433594,2120.63623046875],[0.5996,3.2799,0.0853,0.0672]
TRIAVA,TRIAVA_0608.jpg,None,3,0.250,[3196.004638671875,1261.170654296875,3234.364990234375,1305.1234130859375],[5.0237,2.0049,0.0599,0.0687]
TRIAVA,TRIAVA_0608.jpg,None,3,0.249,[5693.8505859375,2113.20703125,5726.1064453125,2144.14599609375],[8.9218,3.3261,0.0504,0.0483]
TRIAVA,TRIAVA_0608.jpg,None,3,0.243,[554.4108276367188,1553.849365234375,599.34228515625,1601.263671875],[0.9014,2.4649,0.0702,0.0741]
TRIAVA,TRIAVA_0608.jpg,None,3,0.221,[543.0866088867188,1123.742431640625,607.1466064453125,1176.1142578125],[0.8986,1.7968,0.1001,0.0818]
TRIAVA,TRIAVA_0608.jpg,None,3,0.205,[2867.073486328125,2344.685791015625,2901.931640625,2385.829833984375],[4.5070,3.6957,0.0545,0.0643]
TRIAVA,TRIAVA_0612.jpg,None,3,0.296,[4546.455078125,2310.26806640625,4613.03369140625,2360.001708984375],[7.1559,3.6486,0.1040,0.0777]
TRIAVA,TRIAVA_0612.jpg,None,3,0.292,[4317.611328125,1068.0657958984375,4350.287109375,1124.0015869140625],[6.7718,1.7126,0.0511,0.0874]
TRIAVA,TRIAVA_0612.jpg,None,3,0.285,[2502.5556640625,862.0545043945312,2562.850341796875,900.0755004882812],[3.9573,1.3767,0.0942,0.0594]
TRIAVA,TRIAVA_0612.jpg,None,3,0.284,[4048.046875,1800.401123046875,4088.903564453125,1862.4759521484375],[6.3570,2.8616,0.0638,0.0970]
TRIAVA,TRIAVA_0612.jpg,None,3,0.283,[2273.377685546875,440.8181457519531,2339.95068359375,479.236572265625],[3.6042,0.7188,0.1040,0.0600]
TRIAVA,TRIAVA_0612.jpg,None,3,0.282,[4142.361328125,1916.7413330078125,4183.47314453125,1976.5166015625],[6.5046,3.0416,0.0642,0.0934]
TRIAVA,TRIAVA_0612.jpg,None,3,0.275,[5077.3857421875,2285.9443359375,5136.037109375,2332.851806640625],[7.9792,3.6084,0.0916,0.0733]
TRIAVA,TRIAVA_0612.jpg,None,3,0.249,[4140.99072265625,1279.0001220703125,4200.6904296875,1318.7774658203125],[6.5169,2.0295,0.0933,0.0622]
TRIAVA,TRIAVA_0612.jpg,None,3,0.248,[2609.388916015625,356.0858154296875,2669.26904296875,397.30157470703125],[4.1240,0.5886,0.0936,0.0644]
TRIAVA,TRIAVA_0612.jpg,None,3,0.247,[4108.3818359375,2243.13525390625,4169.28759765625,2283.19189453125],[6.4669,3.5362,0.0952,0.0626]
TRIAVA,TRIAVA_0612.jpg,None,3,0.244,[3079.168212890625,1449.5716552734375,3127.691162109375,1498.963134765625],[4.8491,2.3035,0.0758,0.0772]
TRIAVA,TRIAVA_0612.jpg,None,3,0.243,[3481.442138671875,1096.36376953125,3534.479248046875,1140.1307373046875],[5.4812,1.7473,0.0829,0.0684]
TRIAVA,TRIAVA_0612.jpg,None,3,0.218,[2804.207275390625,775.6915893554688,2840.290771484375,824.16162109375],[4.4098,1.2499,0.0564,0.0757]
TRIAVA,TRIAVA_0612.jpg,None,3,0.214,[2902.150634765625,1278.4296875,2956.004638671875,1340.7987060546875],[4.5767,2.0463,0.0841,0.0975]
TRIAVA,TRIAVA_0612.jpg,None,3,0.211,[3052.258056640625,867.5035400390625,3094.357177734375,942.8987426757812],[4.8020,1.4144,0.0658,0.1178]
TRIAVA,TRIAVA_0612.jpg,None,3,0.203,[3710.517578125,1046.53271484375,3775.12744140625,1100.646728515625],[5.8482,1.6775,0.1010,0.0846]
TRIAVA,TRIAVA_0612.jpg,None,3,0.202,[3156.7177734375,503.8705139160156,3207.21533203125,543.3584594726562],[4.9718,0.8181,0.0789,0.0617]
TRIAVA,TRIAVA_0612.jpg,None,3,0.201,[2750.4130859375,1111.3079833984375,2810.48095703125,1165.7650146484375],[4.3444,1.7790,0.0939,0.0851]
TRIAVA,TRIAVA_0614.jpg,None,3,0.289,[2727.5390625,426.7555236816406,2800.906982421875,469.7765808105469],[4.3191,0.7004,0.1146,0.0672]
TRIAVA,TRIAVA_0614.jpg,None,3,0.287,[1600.200927734375,2267.951904296875,1632.09326171875,2312.5390625],[2.5252,3.5785,0.0498,0.0697]
TRIAVA,TRIAVA_0614.jpg,None,3,0.286,[4273.92333984375,1707.4642333984375,4351.17041015625,1751.264892578125],[6.7384,2.7021,0.1207,0.0684]
TRIAVA,TRIAVA_0614.jpg,None,3,0.283,[4722.96484375,611.401123046875,4777.06005859375,646.7698974609375],[7.4219,0.9829,0.0845,0.0553]
TRIAVA,TRIAVA_0614.jpg,None,3,0.282,[3966.531005859375,1727.1697998046875,4004.7734375,1788.064697265625],[6.2276,2.7463,0.0598,0.0951]
TRIAVA,TRIAVA_0614.jpg,None,3,0.271,[3958.348876953125,1113.3175048828125,4000.33203125,1157.1005859375],[6.2177,1.7738,0.0656,0.0684]
TRIAVA,TRIAVA_0614.jpg,None,3,0.268,[2452.79931640625,1331.0384521484375,2517.76025390625,1373.755615234375],[3.8832,2.1131,0.1015,0.0667]
TRIAVA,TRIAVA_0614.jpg,None,3,0.255,[4080.59765625,1466.6234130859375,4147.142578125,1503.287353515625],[6.4279,2.3202,0.1040,0.0573]
TRIAVA,TRIAVA_0614.jpg,None,3,0.249,[2721.53759765625,320.424072265625,2779.462158203125,366.206787109375],[4.2977,0.5364,0.0905,0.0715]
TRIAVA,TRIAVA_0614.jpg,None,3,0.235,[894.9688110351562,2152.006103515625,940.9494018554688,2188.775390625],[1.4343,3.3912,0.0718,0.0575]
TRIAVA,TRIAVA_0614.jpg,None,3,0.234,[2483.3701171875,1547.3890380859375,2556.62548828125,1583.7108154296875],[3.9375,2.4462,0.1145,0.0568]
TRIAVA,TRIAVA_0614.jpg,None,3,0.228,[4098.5595703125,1207.948486328125,4144.52197265625,1276.8360595703125],[6.4399,1.9412,0.0718,0.1076]
TRIAVA,TRIAVA_0614.jpg,None,3,0.212,[1107.2237548828125,204.9159393310547,1143.8006591796875,254.8261260986328],[1.7586,0.3592,0.0572,0.0780]
TRIAVA,TRIAVA_0614.jpg,None,3,0.201,[3085.72265625,826.0662841796875,3140.46533203125,860.659912109375],[4.8642,1.3178,0.0855,0.0541]
TRIAVA,TRIAVA_0616.jpg,None,3,0.292,[1538.7681884765625,1166.1396484375,1582.23193359375,1223.8284912109375],[2.4383,1.8672,0.0679,0.0901]
TRIAVA,TRIAVA_0616.jpg,None,3,0.281,[4058.817138671875,1116.6473388671875,4112.83935546875,1153.8936767578125],[6.3841,1.7739,0.0844,0.0582]
TRIAVA,TRIAVA_0616.jpg,None,3,0.277,[4305.37060546875,1003.4573974609375,4340.4443359375,1036.0814208984375],[6.7545,1.5934,0.0548,0.0510]
TRIAVA,TRIAVA_0616.jpg,None,3,0.274,[4097.53662109375,2269.57470703125,4145.28564453125,2310.39990234375],[6.4397,3.5781,0.0746,0.0638]
TRIAVA,TRIAVA_0616.jpg,None,3,0.273,[3185.215576171875,318.848876953125,3238.24609375,370.5254211425781],[5.0183,0.5386,0.0829,0.0807]
TRIAVA,TRIAVA_0616.jpg,None,3,0.270,[4123.67919921875,2169.78564453125,4169.08203125,2212.24560546875],[6.4787,3.4235,0.0709,0.0663]
TRIAVA,TRIAVA_0616.jpg,None,3,0.267,[5397.5986328125,1714.84326171875,5438.2001953125,1779.5731201171875],[8.4655,2.7300,0.0634,0.1011]
TRIAVA,TRIAVA_0616.jpg,None,3,0.260,[4136.7978515625,473.9198913574219,4192.24169921875,507.026123046875],[6.5071,0.7664,0.0866,0.0517]
TRIAVA,TRIAVA_0616.jpg,None,3,0.253,[4020.490234375,920.848876953125,4074.513427734375,961.5506591796875],[6.3242,1.4706,0.0844,0.0636]
TRIAVA,TRIAVA_0616.jpg,None,3,0.241,[4060.121337890625,695.5177001953125,4099.142578125,744.5360107421875],[6.3744,1.1250,0.0610,0.0766]
TRIAVA,TRIAVA_0616.jpg,None,3,0.235,[3174.33203125,1618.06103515625,3250.5205078125,1661.2198486328125],[5.0194,2.5619,0.1190,0.0674]
TRIAVA,TRIAVA_0616.jpg,None,3,0.233,[5192.5185546875,1918.3985595703125,5250.279296875,1958.0286865234375],[8.1584,3.0285,0.0903,0.0619]
TRIAVA,TRIAVA_0616.jpg,None,3,0.233,[3338.7978515625,507.55755615234375,3418.49951171875,553.555419921875],[5.2791,0.8290,0.1245,0.0719]
TRIAVA,TRIAVA_0616.jpg,None,3,0.227,[5029.93310546875,315.634521484375,5068.89013671875,367.00579833984375],[7.8897,0.5333,0.0609,0.0803]
TRIAVA,TRIAVA_0616.jpg,None,3,0.227,[3508.4833984375,1862.9459228515625,3552.228271484375,1897.178955078125],[5.5162,2.9376,0.0684,0.0535]
TRIAVA,TRIAVA_0616.jpg,None,3,0.222,[2806.47998046875,738.604248046875,2865.00732421875,778.7213745117188],[4.4308,1.1854,0.0914,0.0627]
TRIAVA,TRIAVA_0616.jpg,None,3,0.221,[4191.41845703125,1192.8701171875,4233.806640625,1249.7237548828125],[6.5822,1.9083,0.0662,0.0888]
TRIAVA,TRIAVA_0616.jpg,None,3,0.220,[3938.016357421875,49.095703125,3998.17236328125,84.16153717041016],[6.2001,0.1041,0.0940,0.0548]
TRIAVA,TRIAVA_0616.jpg,None,3,0.207,[3355.614013671875,296.318115234375,3419.0126953125,344.0425720214844],[5.2927,0.5003,0.0991,0.0746]
TRIAVA,TRIAVA_0616.jpg,None,3,0.207,[5005.16796875,1596.8055419921875,5037.466796875,1654.9669189453125],[7.8458,2.5404,0.0505,0.0909]
