,BRAIIM_p,BRAIIM_FP,BRAIIM_TP,LIRIBO_p,LIRIBO_FP,LIRIBO_TP,TRIAVA_p,TRIAVA_FP,TRIAVA_TP
base case,0.7600767754318618,875,2772,0.910934502603453,325,3324,0.8572727272727273,314,1886
min size +1000,0.7725321888412017,742,2520,,,,,,
Remove >95th percentile box size,0.7716512702078522,791,2673,0.9216319342530085,267,3140,0.8622009569377991,288,1802
Remove >95th percentile box ratio,0.7623642943305187,788,2528,0.9094159713945172,304,3052,0.8588351431391905,286,1740
remove overlaps,,,,,,,0.8658028690421101,290,1871
remove <5th percentile value,,,,,,,0.8808967772069126,255,1886
combined filters,0.7879758093205265,596,2215,0.9192566485100929,252,2869,0.8896814075130766,232,1871
