{
    "summary": {
        "TP": 5864,
        "FP": 1004,
        "FN": 774,
        "precision": 0.8538147932440303,
        "recall": 0.8833986140403736
    },
    "per_class": {
        "0": {
            "TP": 1422,
            "FP": 244,
            "FN": 157,
            "precision": 0.8535414165666266,
            "recall": 0.9005699810006333
        },
        "1": {
            "TP": 1179,
            "FP": 105,
            "FN": 80,
            "precision": 0.9182242990654206,
            "recall": 0.9364575059571089
        },
        "2": {
            "TP": 932,
            "FP": 446,
            "FN": 246,
            "precision": 0.6763425253991292,
            "recall": 0.7911714770797963
        },
        "3": {
            "TP": 2331,
            "FP": 209,
            "FN": 291,
            "precision": 0.9177165354330709,
            "recall": 0.8890160183066361
        }
    }
}