{
    "summary": {
        "TP": 5552,
        "FP": 780,
        "FN": 1086,
        "precision": 0.8768161718256475,
        "recall": 0.836396504971377
    },
    "per_class": {
        "0": {
            "TP": 1304,
            "FP": 199,
            "FN": 275,
            "precision": 0.867598137059215,
            "recall": 0.8258391386953768
        },
        "1": {
            "TP": 1137,
            "FP": 82,
            "FN": 122,
            "precision": 0.9327317473338802,
            "recall": 0.9030976965845909
        },
        "2": {
            "TP": 883,
            "FP": 302,
            "FN": 295,
            "precision": 0.7451476793248946,
            "recall": 0.7495755517826825
        },
        "3": {
            "TP": 2228,
            "FP": 197,
            "FN": 394,
            "precision": 0.9187628865979381,
            "recall": 0.8497330282227308
        }
    }
}