{
    "summary": {
        "TP": 5254,
        "FP": 590,
        "FN": 1384,
        "precision": 0.8990417522245038,
        "recall": 0.791503464899066
    },
    "per_class": {
        "0": {
            "TP": 1362,
            "FP": 189,
            "FN": 217,
            "precision": 0.8781431334622823,
            "recall": 0.8625712476250792
        },
        "1": {
            "TP": 1159,
            "FP": 83,
            "FN": 100,
            "precision": 0.9331723027375202,
            "recall": 0.920571882446386
        },
        "2": {
            "TP": 700,
            "FP": 206,
            "FN": 478,
            "precision": 0.7726269315673289,
            "recall": 0.5942275042444821
        },
        "3": {
            "TP": 2033,
            "FP": 112,
            "FN": 589,
            "precision": 0.9477855477855478,
            "recall": 0.7753623188405797
        }
    }
}