{
    "summary": {
        "TP": 5548,
        "FP": 637,
        "FN": 1090,
        "precision": 0.8970088924818108,
        "recall": 0.8357939138294667
    },
    "per_class": {
        "0": {
            "TP": 1366,
            "FP": 176,
            "FN": 213,
            "precision": 0.8858625162127107,
            "recall": 0.8651044965167828
        },
        "1": {
            "TP": 1147,
            "FP": 85,
            "FN": 112,
            "precision": 0.9310064935064936,
            "recall": 0.9110405083399523
        },
        "2": {
            "TP": 784,
            "FP": 209,
            "FN": 394,
            "precision": 0.7895266868076536,
            "recall": 0.66553480475382
        },
        "3": {
            "TP": 2251,
            "FP": 167,
            "FN": 371,
            "precision": 0.9309346567411083,
            "recall": 0.8585049580472921
        }
    }
}