{
    "summary": {
        "TP": 4987,
        "FP": 570,
        "FN": 473,
        "precision": 0.8974266690660428,
        "recall": 0.9133699633699633
    },
    "per_class": {
        "0": {
            "TP": 1410,
            "FP": 233,
            "FN": 169,
            "precision": 0.8581862446743761,
            "recall": 0.8929702343255225
        },
        "1": {
            "TP": 1177,
            "FP": 99,
            "FN": 82,
            "precision": 0.9224137931034483,
            "recall": 0.9348689436060366
        },
        "3": {
            "TP": 2400,
            "FP": 238,
            "FN": 222,
            "precision": 0.9097801364670205,
            "recall": 0.9153318077803204
        }
    }
}